# t_unix,market,side,price:size,price:size,...
1786858442.485,bitcoin-up-or-down-august-16-2026-1am-et,bid,0.18:40.65,0.17:189,0.16:535.03,0.15:50,0.14:76,0.13:196,0.12:250,0.11:328,0.1:252,0.09:237,0.08:150,0.07:210,0.06:150,0.05:57.14,0.04:50,0.03:208.33,0.02:236.56,0.01:626.15
1786858442.485,bitcoin-up-or-down-august-16-2026-1am-et,ask,0.19:598,0.2:239,0.21:135,0.22:125,0.23:105,0.24:197,0.25:150,0.26:190,0.27:202,0.28:150,0.29:150,0.3:150,0.31:150,0.32:340,0.33:40,0.34:180,0.35:30,0.36:30,0.37:30,0.38:60,0.39:30,0.44:6,0.5:31.25,0.51:60,0.65:10,0.66:120,0.67:20,0.75:5.2,0.8:10,0.9:20,0.93:8.57,0.94:2333.33,0.95:3900,0.98:9.99,0.99:14425
1786858442.660,btc-updown-4h-1786852800,bid,0.23:781.49,0.22:56,0.21:26,0.2:11,0.19:150,0.18:6,0.17:612.24,0.14:44.71,0.11:300,0.1:10,0.08:50,0.07:179.65,0.06:166.6,0.05:227.37,0.04:275,0.03:375.59,0.02:117.16,0.01:7833.17
1786858442.660,btc-updown-4h-1786852800,ask,0.24:61,0.25:206,0.26:827.73,0.27:6,0.28:206,0.29:6,0.3:6,0.31:566,0.32:6,0.33:6,0.34:56,0.35:6,0.36:6,0.37:26,0.38:6,0.39:12,0.4:6,0.41:6,0.42:11,0.43:26,0.44:6,0.45:6,0.46:6,0.47:6,0.48:6,0.49:55.99,0.5:56,0.51:6,0.52:6,0.53:6,0.54:6,0.55:6,0.56:7,0.57:6,0.58:6,0.59:6,0.6:11,0.61:31.14,0.62:6,0.63:6,0.64:6,0.65:6,0.66:6,0.67:6,0.68:6,0.69:6,0.7:11,0.71:6,0.72:6,0.73:6,0.74:6,0.75:6,0.76:6,0.77:6,0.78:6,0.79:6,0.8:6,0.81:6,0.82:6,0.83:6,0.84:5,0.89:300,0.9:2015,0.94:7.41,0.95:20,0.96:4175,0.97:33.33,0.98:75.44,0.99:16685.9
1786858442.833,eth-updown-4h-1786852800,bid,0.24:11,0.23:258,0.22:26,0.21:6,0.2:106,0.19:56,0.18:6,0.17:6,0.11:50,0.06:10,0.05:257.85,0.04:25,0.03:40.34,0.02:69.26,0.01:7282.4
1786858442.833,eth-updown-4h-1786852800,ask,0.25:40,0.27:272,0.28:156,0.29:206,0.3:6,0.31:6,0.32:6,0.33:6,0.34:11,0.35:6,0.36:406,0.37:16,0.38:6,0.39:6,0.4:6,0.41:6,0.42:6,0.43:46,0.44:6,0.45:6,0.46:6,0.47:7,0.48:55.99,0.49:6,0.5:6,0.51:6,0.52:6,0.53:6,0.54:6,0.55:6,0.56:6,0.57:6,0.58:6,0.59:6,0.6:6,0.61:6,0.62:6,0.63:6,0.64:6,0.65:6,0.66:6,0.67:6,0.68:6,0.69:6,0.7:6,0.71:6,0.72:6,0.73:6,0.74:6,0.75:6,0.76:6,0.77:6,0.78:6,0.79:6,0.8:6,0.81:6,0.82:6,0.83:6,0.9:2172,0.94:8.92,0.95:20,0.96:25,0.97:33.33,0.98:6075.24,0.99:17177.25
1786858443.016,ethereum-up-or-down-august-16-2026-1am-et,bid,0.25:3.66,0.24:45,0.23:317,0.21:200,0.2:120,0.19:120,0.18:120,0.17:120,0.16:126,0.15:120,0.14:120,0.13:20,0.12:120,0.1:20,0.06:20,0.04:8.6,0.03:21.53,0.02:75,0.01:14320.98
1786858443.016,ethereum-up-or-down-august-16-2026-1am-et,ask,0.26:20,0.27:75,0.28:299,0.29:5,0.3:150,0.31:120,0.32:120,0.33:140,0.34:120,0.35:120,0.36:120,0.37:120,0.38:120,0.39:320,0.41:10,0.42:10,0.43:10,0.5:6,0.65:10,0.74:60,0.75:80,0.88:12.43,0.93:7.94,0.94:2333.33,0.98:6034.63,0.99:14315.15
1786858443.200,sol-updown-15m-1786876200,bid,0.5:1,0.49:375,0.48:20,0.47:259.22,0.44:20,0.43:20,0.42:24,0.41:70,0.4:30,0.39:32,0.38:40,0.36:44,0.34:50,0.31:40,0.3:80,0.26:120,0.21:200,0.12:5.28,0.11:40,0.04:8.81,0.03:5000,0.02:7556.4,0.01:45328.58
1786858443.200,sol-updown-15m-1786876200,ask,0.51:85.53,0.52:5,0.53:547.84,0.54:20,0.56:10,0.57:10,0.58:16,0.59:24,0.6:28,0.61:72,0.62:36,0.64:40,0.66:50,0.7:80,0.71:40,0.74:120,0.79:160,0.81:40,0.9:6.92,0.91:40,0.96:7.18,0.97:5000,0.98:7556.62,0.99:45328.83
1786858443.376,sol-updown-4h-1786852800,bid,0.18:200,0.17:126,0.05:20,0.04:25,0.03:39.54,0.02:79.35,0.01:2042.25
1786858443.376,sol-updown-4h-1786852800,ask,0.19:56,0.21:337,0.22:6,0.23:6,0.24:6,0.25:6,0.26:6,0.27:6,0.28:6,0.29:6,0.3:6,0.31:6,0.32:6,0.33:6,0.34:6,0.35:6,0.36:6,0.37:6,0.38:6,0.39:156,0.4:6,0.41:6,0.42:6,0.43:6,0.44:6,0.45:6,0.46:6,0.47:6,0.48:6,0.49:16,0.5:6,0.51:6,0.52:6,0.53:6,0.54:6,0.55:6,0.56:6,0.57:6,0.58:6,0.59:6,0.6:6,0.61:6,0.62:6,0.63:6,0.64:6,0.65:6,0.66:6,0.67:6,0.68:6,0.69:6,0.7:6,0.71:6,0.72:6,0.73:6,0.74:6,0.75:6,0.76:6,0.77:6,0.78:6,0.79:6,0.8:6,0.81:6,0.82:6,0.83:6,0.9:2000,0.94:9.53,0.95:3920,0.96:25,0.97:33.33,0.98:69.91,0.99:16027
1786858443.713,btc-updown-5m-1786860300,bid,0.49:762.07,0.48:48,0.47:157.64,0.46:70,0.45:93,0.44:240,0.43:94,0.42:94,0.41:112,0.4:362,0.38:10,0.37:10,0.36:360,0.35:5,0.34:15,0.33:435,0.32:15,0.31:5,0.3:80,0.29:5,0.28:535,0.27:15,0.26:15,0.25:5,0.24:5,0.23:1035,0.22:15,0.21:15,0.2:41,0.19:18,0.18:41,0.17:11,0.16:22,0.15:2055,0.14:57,0.13:28,0.12:90,0.11:91,0.1:3067,0.09:45,0.08:56,0.07:88,0.06:158,0.05:6354.84,0.04:345,0.03:10503,0.02:15565.89,0.01:93520.3
1786858443.713,btc-updown-5m-1786860300,ask,0.5:30,0.51:1074.86,0.52:48,0.53:157.64,0.54:70,0.55:93,0.56:240,0.57:114,0.58:94,0.59:112,0.6:362,0.62:10,0.63:10,0.64:360,0.65:5,0.66:15,0.67:435,0.68:15,0.69:5,0.7:80,0.71:5,0.72:535,0.73:15,0.74:15,0.75:5,0.76:5,0.77:1035,0.78:15,0.79:15,0.8:41,0.81:18,0.82:41,0.83:11,0.84:22,0.85:2055,0.86:57,0.87:28,0.88:90,0.89:91,0.9:3067,0.91:45,0.92:56,0.93:88,0.94:128,0.95:6354.89,0.96:345,0.97:10503,0.98:15566,0.99:93447.73
1786858446.688,bitcoin-up-or-down-august-16-2026-1am-et,bid,0.18:18.45,0.17:189,0.16:220.03,0.15:365,0.14:76,0.13:196,0.12:250,0.11:328,0.1:252,0.09:237,0.08:150,0.07:150,0.06:210,0.05:57.14,0.04:50,0.03:208.33,0.02:236.56,0.01:626.15
1786858446.688,bitcoin-up-or-down-august-16-2026-1am-et,ask,0.19:614,0.2:223,0.21:135,0.22:125,0.23:105,0.24:197,0.25:150,0.26:190,0.27:202,0.28:150,0.29:150,0.3:150,0.31:150,0.32:340,0.33:40,0.34:180,0.35:30,0.36:30,0.37:30,0.38:60,0.39:30,0.44:6,0.5:31.25,0.51:60,0.65:10,0.66:120,0.67:20,0.75:5.2,0.8:10,0.9:20,0.93:8.57,0.94:2333.33,0.95:3900,0.98:9.99,0.99:14425
1786858446.895,btc-updown-4h-1786852800,bid,0.23:781.49,0.22:56,0.21:26,0.2:11,0.19:150,0.18:6,0.17:612.24,0.14:55.71,0.11:300,0.1:10,0.08:50,0.07:179.65,0.06:166.6,0.05:227.37,0.04:275,0.03:375.59,0.02:117.16,0.01:7833.17
1786858446.895,btc-updown-4h-1786852800,ask,0.24:61,0.25:206,0.26:827.73,0.27:6,0.28:206,0.29:6,0.3:6,0.31:566,0.32:6,0.33:6,0.34:56,0.35:6,0.36:6,0.37:26,0.38:6,0.39:12,0.4:6,0.41:6,0.42:11,0.43:26,0.44:6,0.45:6,0.46:6,0.47:6,0.48:6,0.49:55.99,0.5:56,0.51:6,0.52:6,0.53:6,0.54:6,0.55:6,0.56:7,0.57:6,0.58:6,0.59:6,0.6:11,0.61:31.14,0.62:6,0.63:6,0.64:6,0.65:6,0.66:6,0.67:6,0.68:6,0.69:6,0.7:11,0.71:6,0.72:6,0.73:6,0.74:6,0.75:6,0.76:6,0.77:6,0.78:6,0.79:6,0.8:6,0.81:6,0.82:6,0.83:6,0.84:5,0.89:300,0.9:2015,0.94:7.41,0.95:20,0.96:4175,0.97:33.33,0.98:75.44,0.99:16685.9
1786858447.289,eth-updown-4h-1786852800,bid,0.24:11,0.23:258,0.22:26,0.21:17,0.2:6,0.19:56,0.18:106,0.17:6,0.11:50,0.06:10,0.05:257.85,0.04:25,0.03:40.34,0.02:69.26,0.01:7282.4
1786858447.289,eth-updown-4h-1786852800,ask,0.25:40,0.27:272,0.28:156,0.29:206,0.3:17,0.31:6,0.32:6,0.33:6,0.34:11,0.35:6,0.36:406,0.37:16,0.38:6,0.39:6,0.4:6,0.41:6,0.42:6,0.43:46,0.44:6,0.45:6,0.46:6,0.47:7,0.48:55.99,0.49:6,0.5:6,0.51:6,0.52:6,0.53:6,0.54:6,0.55:6,0.56:6,0.57:6,0.58:6,0.59:6,0.6:6,0.61:6,0.62:6,0.63:6,0.64:6,0.65:6,0.66:6,0.67:6,0.68:6,0.69:6,0.7:6,0.71:6,0.72:6,0.73:6,0.74:6,0.75:6,0.76:6,0.77:6,0.78:6,0.79:6,0.8:6,0.81:6,0.82:6,0.83:6,0.9:2172,0.94:8.92,0.95:20,0.96:25,0.97:33.33,0.98:6075.24,0.99:17177.25
1786858447.481,ethereum-up-or-down-august-16-2026-1am-et,bid,0.25:43.66,0.24:133.25,0.23:189,0.21:50,0.2:120,0.19:270,0.18:120,0.17:120,0.16:126,0.15:120,0.14:120,0.13:20,0.12:140,0.1:20,0.06:20,0.04:8.6,0.03:21.53,0.02:75,0.01:14320.98
1786858447.481,ethereum-up-or-down-august-16-2026-1am-et,ask,0.26:20,0.27:264,0.28:110,0.29:5,0.3:150,0.31:120,0.32:120,0.33:140,0.34:120,0.35:120,0.36:120,0.37:120,0.38:120,0.39:320,0.41:10,0.42:10,0.43:10,0.5:6,0.65:10,0.74:60,0.75:80,0.88:12.43,0.93:7.94,0.94:2333.33,0.98:6034.63,0.99:14315.15
1786858447.661,sol-updown-15m-1786876200,bid,0.5:1,0.49:375,0.48:20,0.47:259.22,0.44:20,0.43:20,0.42:24,0.41:70,0.4:30,0.39:32,0.38:40,0.36:44,0.34:50,0.31:40,0.3:80,0.26:120,0.21:200,0.12:5.28,0.11:40,0.04:8.81,0.03:5000,0.02:7556.4,0.01:45328.58
1786858447.661,sol-updown-15m-1786876200,ask,0.51:85.53,0.52:5,0.53:547.84,0.54:20,0.56:10,0.57:10,0.58:16,0.59:24,0.6:28,0.61:72,0.62:36,0.64:40,0.66:50,0.7:80,0.71:40,0.74:120,0.79:160,0.81:40,0.9:6.92,0.91:40,0.96:7.18,0.97:5000,0.98:7556.62,0.99:45328.83
1786858447.842,sol-updown-4h-1786852800,bid,0.18:200,0.17:126,0.12:11,0.05:20,0.04:25,0.03:39.54,0.02:79.35,0.01:2042.25
1786858447.842,sol-updown-4h-1786852800,ask,0.19:56,0.21:348,0.22:6,0.23:6,0.24:6,0.25:6,0.26:6,0.27:6,0.28:6,0.29:6,0.3:6,0.31:6,0.32:6,0.33:6,0.34:6,0.35:6,0.36:6,0.37:6,0.38:6,0.39:156,0.4:6,0.41:6,0.42:6,0.43:6,0.44:6,0.45:6,0.46:6,0.47:6,0.48:6,0.49:16,0.5:6,0.51:6,0.52:6,0.53:6,0.54:6,0.55:6,0.56:6,0.57:6,0.58:6,0.59:6,0.6:6,0.61:6,0.62:6,0.63:6,0.64:6,0.65:6,0.66:6,0.67:6,0.68:6,0.69:6,0.7:6,0.71:6,0.72:6,0.73:6,0.74:6,0.75:6,0.76:6,0.77:6,0.78:6,0.79:6,0.8:6,0.81:6,0.82:6,0.83:6,0.9:2000,0.94:9.53,0.95:3920,0.96:25,0.97:33.33,0.98:69.91,0.99:16027
1786858448.184,btc-updown-5m-1786860300,bid,0.49:762.07,0.48:48,0.47:157.64,0.46:70,0.45:93,0.44:240,0.43:94,0.42:94,0.41:112,0.4:362,0.38:10,0.37:10,0.36:360,0.35:5,0.34:15,0.33:435,0.32:15,0.31:5,0.3:80,0.29:5,0.28:535,0.27:15,0.26:15,0.25:5,0.24:5,0.23:1035,0.22:15,0.21:15,0.2:41,0.19:18,0.18:41,0.17:11,0.16:22,0.15:2055,0.14:57,0.13:28,0.12:90,0.11:91,0.1:3067,0.09:45,0.08:56,0.07:88,0.06:158,0.05:6354.84,0.04:345,0.03:10503,0.02:15565.89,0.01:93520.3
1786858448.184,btc-updown-5m-1786860300,ask,0.5:30,0.51:1074.86,0.52:48,0.53:157.64,0.54:70,0.55:93,0.56:240,0.57:114,0.58:94,0.59:112,0.6:362,0.62:10,0.63:10,0.64:360,0.65:5,0.66:15,0.67:435,0.68:15,0.69:5,0.7:80,0.71:5,0.72:535,0.73:15,0.74:15,0.75:5,0.76:5,0.77:1035,0.78:15,0.79:15,0.8:41,0.81:18,0.82:41,0.83:11,0.84:22,0.85:2055,0.86:57,0.87:28,0.88:90,0.89:91,0.9:3067,0.91:45,0.92:56,0.93:88,0.94:128,0.95:6354.89,0.96:345,0.97:10503,0.98:15566,0.99:93447.73
1786858448.349,bitcoin-up-or-down-august-16-2026-1am-et,bid,0.18:18.45,0.17:189,0.16:220.03,0.15:365,0.14:76,0.13:196,0.12:250,0.11:328,0.1:252,0.09:237,0.08:150,0.07:150,0.06:210,0.05:57.14,0.04:50,0.03:208.33,0.02:206.56,0.01:656.15
1786858448.349,bitcoin-up-or-down-august-16-2026-1am-et,ask,0.19:606,0.2:231,0.21:135,0.22:125,0.23:105,0.24:197,0.25:150,0.26:190,0.27:202,0.28:150,0.29:150,0.3:150,0.31:150,0.32:340,0.33:40,0.34:180,0.35:30,0.36:30,0.37:30,0.38:60,0.39:30,0.5:31.25,0.51:60,0.65:10,0.66:120,0.67:20,0.75:5.2,0.8:10,0.9:20,0.93:8.57,0.94:2333.33,0.95:3900,0.98:9.99,0.99:14425
1786858448.525,btc-updown-4h-1786852800,bid,0.23:781.49,0.22:56,0.21:26,0.2:11,0.19:150,0.18:6,0.17:612.24,0.14:55.71,0.11:300,0.1:10,0.08:50,0.07:179.65,0.06:166.6,0.05:227.37,0.04:275,0.03:375.59,0.02:117.16,0.01:7833.17
1786858448.525,btc-updown-4h-1786852800,ask,0.24:61,0.25:206,0.26:827.73,0.27:6,0.28:206,0.29:6,0.3:6,0.31:566,0.32:6,0.33:6,0.34:56,0.35:6,0.36:6,0.37:26,0.38:6,0.39:12,0.4:6,0.41:6,0.42:11,0.43:26,0.44:6,0.45:6,0.46:6,0.47:6,0.48:6,0.49:55.99,0.5:56,0.51:6,0.52:6,0.53:6,0.54:6,0.55:6,0.56:7,0.57:6,0.58:6,0.59:6,0.6:11,0.61:31.14,0.62:6,0.63:6,0.64:6,0.65:6,0.66:6,0.67:6,0.68:6,0.69:6,0.7:11,0.71:6,0.72:6,0.73:6,0.74:6,0.75:6,0.76:6,0.77:6,0.78:6,0.79:6,0.8:6,0.81:6,0.82:6,0.83:6,0.84:5,0.89:300,0.9:2015,0.94:7.41,0.95:20,0.96:4175,0.97:33.33,0.98:75.44,0.99:16685.9
1786858448.696,eth-updown-4h-1786852800,bid,0.24:11,0.23:258,0.22:26,0.21:6,0.2:6,0.19:56,0.18:106,0.17:6,0.11:50,0.06:10,0.05:257.85,0.04:25,0.03:40.34,0.02:69.26,0.01:7282.4
1786858448.696,eth-updown-4h-1786852800,ask,0.25:40,0.27:272,0.28:156,0.29:206,0.3:6,0.31:6,0.32:6,0.33:6,0.34:11,0.35:6,0.36:406,0.37:16,0.38:6,0.39:6,0.4:6,0.41:6,0.42:6,0.43:46,0.44:6,0.45:6,0.46:6,0.47:7,0.48:55.99,0.49:6,0.5:6,0.51:6,0.52:6,0.53:6,0.54:6,0.55:6,0.56:6,0.57:6,0.58:6,0.59:6,0.6:6,0.61:6,0.62:6,0.63:6,0.64:6,0.65:6,0.66:6,0.67:6,0.68:6,0.69:6,0.7:6,0.71:6,0.72:6,0.73:6,0.74:6,0.75:6,0.76:6,0.77:6,0.78:6,0.79:6,0.8:6,0.81:6,0.82:6,0.83:6,0.9:2172,0.94:8.92,0.95:20,0.96:25,0.97:33.33,0.98:6075.24,0.99:17177.25
1786858448.873,ethereum-up-or-down-august-16-2026-1am-et,bid,0.25:93.66,0.24:133.25,0.23:189,0.2:120,0.19:270,0.18:120,0.17:120,0.16:126,0.15:120,0.14:120,0.13:20,0.12:140,0.1:20,0.06:20,0.04:8.6,0.03:21.53,0.02:75,0.01:9320.98
1786858448.873,ethereum-up-or-down-august-16-2026-1am-et,ask,0.26:20,0.27:264,0.28:110,0.29:5,0.3:150,0.31:120,0.32:120,0.33:140,0.34:120,0.35:120,0.36:120,0.37:120,0.38:120,0.39:320,0.41:10,0.42:10,0.43:10,0.5:6,0.65:10,0.74:60,0.75:80,0.88:12.43,0.93:7.94,0.94:2333.33,0.98:6034.63,0.99:14315.15
1786858449.057,sol-updown-15m-1786876200,bid,0.5:1,0.49:375,0.48:20,0.47:259.22,0.44:20,0.43:20,0.42:24,0.41:70,0.4:30,0.39:32,0.38:40,0.36:44,0.34:50,0.31:40,0.3:80,0.26:120,0.21:200,0.12:5.28,0.11:40,0.04:8.81,0.03:5000,0.02:7556.4,0.01:45328.58
1786858449.057,sol-updown-15m-1786876200,ask,0.51:85.53,0.52:5,0.53:547.84,0.54:20,0.56:10,0.57:10,0.58:16,0.59:24,0.6:28,0.61:72,0.62:36,0.64:40,0.66:50,0.7:80,0.71:40,0.74:120,0.79:160,0.81:40,0.9:6.92,0.91:40,0.96:7.18,0.97:5000,0.98:7556.62,0.99:45328.83
1786858449.242,sol-updown-4h-1786852800,bid,0.18:200,0.17:126,0.05:27.96,0.04:25,0.03:39.54,0.02:79.35,0.01:2033.87
1786858449.242,sol-updown-4h-1786852800,ask,0.19:56,0.21:337,0.22:6,0.23:6,0.24:6,0.25:6,0.26:6,0.27:6,0.28:6,0.29:6,0.3:6,0.31:6,0.32:6,0.33:6,0.34:6,0.35:6,0.36:6,0.37:6,0.38:6,0.39:156,0.4:6,0.41:6,0.42:6,0.43:6,0.44:6,0.45:6,0.46:6,0.47:6,0.48:6,0.49:16,0.5:6,0.51:6,0.52:6,0.53:6,0.54:6,0.55:6,0.56:6,0.57:6,0.58:6,0.59:6,0.6:6,0.61:6,0.62:6,0.63:6,0.64:6,0.65:6,0.66:6,0.67:6,0.68:6,0.69:6,0.7:6,0.71:6,0.72:6,0.73:6,0.74:6,0.75:6,0.76:6,0.77:6,0.78:6,0.79:6,0.8:6,0.81:6,0.82:6,0.83:6,0.9:2000,0.94:9.53,0.95:3920,0.96:25,0.97:33.33,0.98:69.91,0.99:16027
1786858449.577,btc-updown-5m-1786860300,bid,0.49:762.07,0.48:48,0.47:157.64,0.46:70,0.45:93,0.44:240,0.43:94,0.42:94,0.41:112,0.4:362,0.38:10,0.37:10,0.36:360,0.35:5,0.34:15,0.33:435,0.32:15,0.31:5,0.3:80,0.29:5,0.28:535,0.27:15,0.26:15,0.25:5,0.24:5,0.23:1035,0.22:15,0.21:15,0.2:41,0.19:18,0.18:41,0.17:11,0.16:22,0.15:2055,0.14:57,0.13:28,0.12:90,0.11:91,0.1:3067,0.09:45,0.08:56,0.07:88,0.06:158,0.05:6354.84,0.04:345,0.03:10503,0.02:15565.89,0.01:93520.3
1786858449.577,btc-updown-5m-1786860300,ask,0.5:30,0.51:1074.86,0.52:48,0.53:157.64,0.54:70,0.55:93,0.56:240,0.57:114,0.58:94,0.59:112,0.6:362,0.62:10,0.63:10,0.64:360,0.65:5,0.66:15,0.67:435,0.68:15,0.69:5,0.7:80,0.71:5,0.72:535,0.73:15,0.74:15,0.75:5,0.76:5,0.77:1035,0.78:15,0.79:15,0.8:41,0.81:18,0.82:41,0.83:11,0.84:22,0.85:2055,0.86:57,0.87:28,0.88:90,0.89:91,0.9:3067,0.91:45,0.92:56,0.93:88,0.94:128,0.95:6354.89,0.96:345,0.97:10503,0.98:15566,0.99:93447.73
1786858452.066,bitcoin-up-or-down-august-16-2026-1am-et,bid,0.18:24.45,0.17:147,0.16:220.03,0.15:365,0.14:76,0.13:196,0.12:250,0.11:328,0.1:252,0.09:237,0.08:150,0.07:150,0.06:210,0.05:57.14,0.04:50,0.03:208.33,0.02:236.56,0.01:626.15
1786858452.066,bitcoin-up-or-down-august-16-2026-1am-et,ask,0.19:606,0.2:231,0.21:135,0.22:125,0.23:105,0.24:197,0.25:150,0.26:190,0.27:202,0.28:150,0.29:150,0.3:150,0.31:150,0.32:340,0.33:40,0.34:180,0.35:30,0.36:30,0.37:30,0.38:60,0.39:30,0.5:31.25,0.51:60,0.65:10,0.66:120,0.67:20,0.75:5.2,0.8:10,0.9:20,0.93:8.57,0.94:2333.33,0.95:3900,0.98:9.99,0.99:14425
1786858452.309,btc-updown-4h-1786852800,bid,0.23:781.49,0.22:56,0.21:26,0.2:11,0.19:150,0.18:6,0.17:612.24,0.14:44.71,0.11:300,0.1:10,0.08:50,0.07:179.65,0.06:166.6,0.05:227.37,0.04:275,0.03:375.59,0.02:117.16,0.01:7833.17
1786858452.309,btc-updown-4h-1786852800,ask,0.24:61,0.25:206,0.26:827.73,0.27:6,0.28:206,0.29:6,0.3:6,0.31:566,0.32:6,0.33:6,0.34:56,0.35:6,0.36:6,0.37:26,0.38:6,0.39:12,0.4:6,0.41:6,0.42:11,0.43:26,0.44:6,0.45:6,0.46:6,0.47:6,0.48:6,0.49:55.99,0.5:56,0.51:6,0.52:6,0.53:6,0.54:6,0.55:6,0.56:7,0.57:6,0.58:6,0.59:6,0.6:11,0.61:31.14,0.62:6,0.63:6,0.64:6,0.65:6,0.66:6,0.67:6,0.68:6,0.69:6,0.7:11,0.71:6,0.72:6,0.73:6,0.74:6,0.75:6,0.76:6,0.77:6,0.78:6,0.79:6,0.8:6,0.81:6,0.82:6,0.83:6,0.84:5,0.89:300,0.9:2015,0.94:7.41,0.95:20,0.96:4175,0.97:33.33,0.98:75.44,0.99:16685.9
1786858452.542,eth-updown-4h-1786852800,bid,0.24:11,0.23:308,0.22:26,0.21:6,0.2:6,0.19:56,0.18:106,0.17:6,0.11:50,0.06:10,0.05:257.85,0.04:25,0.03:40.34,0.02:69.26,0.01:7282.4
1786858452.542,eth-updown-4h-1786852800,ask,0.25:40,0.26:100,0.27:272,0.28:56,0.29:206,0.3:6,0.31:6,0.32:6,0.33:6,0.34:11,0.35:6,0.36:406,0.37:16,0.38:6,0.39:6,0.4:6,0.41:6,0.42:6,0.43:46,0.44:6,0.45:6,0.46:6,0.47:7,0.48:55.99,0.49:6,0.5:6,0.51:6,0.52:6,0.53:6,0.54:6,0.55:6,0.56:6,0.57:6,0.58:6,0.59:6,0.6:6,0.61:6,0.62:6,0.63:6,0.64:6,0.65:6,0.66:6,0.67:6,0.68:6,0.69:6,0.7:6,0.71:6,0.72:6,0.73:6,0.74:6,0.75:6,0.76:6,0.77:6,0.78:6,0.79:6,0.8:6,0.81:6,0.82:6,0.83:6,0.9:2172,0.94:8.92,0.95:20,0.96:25,0.97:33.33,0.98:6075.24,0.99:17177.25
1786858452.714,ethereum-up-or-down-august-16-2026-1am-et,bid,0.25:93.66,0.24:317.25,0.17:150,0.16:6,0.14:20,0.12:20,0.11:20,0.07:20,0.04:8.6,0.03:21.53,0.02:75,0.01:4320.98
1786858452.714,ethereum-up-or-down-august-16-2026-1am-et,ask,0.26:20,0.27:75,0.28:210,0.29:55,0.33:20,0.39:200,0.41:10,0.42:10,0.43:10,0.5:6,0.65:10,0.74:60,0.75:80,0.88:12.43,0.93:7.94,0.94:2333.33,0.98:6034.63,0.99:14315.15
1786858452.912,sol-updown-15m-1786876200,bid,0.5:1,0.49:375,0.48:20,0.47:259.22,0.44:20,0.43:20,0.42:24,0.41:70,0.4:30,0.39:32,0.38:40,0.36:44,0.34:50,0.31:40,0.3:80,0.26:120,0.21:200,0.12:5.28,0.11:40,0.04:8.81,0.03:5000,0.02:7556.4,0.01:45328.58
1786858452.912,sol-updown-15m-1786876200,ask,0.51:85.53,0.52:5,0.53:547.84,0.54:20,0.56:10,0.57:10,0.58:16,0.59:24,0.6:28,0.61:72,0.62:36,0.64:40,0.66:50,0.7:80,0.71:40,0.74:120,0.79:160,0.81:40,0.9:6.92,0.91:40,0.96:7.18,0.97:5000,0.98:7556.62,0.99:45328.83
1786858453.086,sol-updown-4h-1786852800,bid,0.18:200,0.17:126,0.12:11,0.05:27.96,0.04:25,0.03:39.54,0.02:79.35,0.01:2033.87
1786858453.086,sol-updown-4h-1786852800,ask,0.19:56,0.21:348,0.22:6,0.23:6,0.24:6,0.25:6,0.26:6,0.27:6,0.28:6,0.29:6,0.3:6,0.31:6,0.32:6,0.33:6,0.34:6,0.35:6,0.36:6,0.37:6,0.38:6,0.39:156,0.4:6,0.41:6,0.42:6,0.43:6,0.44:6,0.45:6,0.46:6,0.47:6,0.48:6,0.49:16,0.5:6,0.51:6,0.52:6,0.53:6,0.54:6,0.55:6,0.56:6,0.57:6,0.58:6,0.59:6,0.6:6,0.61:6,0.62:6,0.63:6,0.64:6,0.65:6,0.66:6,0.67:6,0.68:6,0.69:6,0.7:6,0.71:6,0.72:6,0.73:6,0.74:6,0.75:6,0.76:6,0.77:6,0.78:6,0.79:6,0.8:6,0.81:6,0.82:6,0.83:6,0.9:2000,0.94:9.53,0.95:3920,0.96:25,0.97:33.33,0.98:69.91,0.99:16027
1786858453.565,btc-updown-5m-1786860300,bid,0.49:762.07,0.48:48,0.47:157.64,0.46:70,0.45:93,0.44:240,0.43:94,0.42:94,0.41:112,0.4:362,0.38:10,0.37:10,0.36:360,0.35:5,0.34:15,0.33:435,0.32:15,0.31:5,0.3:80,0.29:5,0.28:535,0.27:15,0.26:15,0.25:5,0.24:5,0.23:1035,0.22:15,0.21:15,0.2:41,0.19:18,0.18:41,0.17:11,0.16:22,0.15:2055,0.14:57,0.13:28,0.12:90,0.11:91,0.1:3067,0.09:45,0.08:56,0.07:88,0.06:158,0.05:6354.84,0.04:345,0.03:10503,0.02:15565.89,0.01:93520.3
1786858453.565,btc-updown-5m-1786860300,ask,0.5:30,0.51:1074.86,0.52:48,0.53:157.64,0.54:70,0.55:93,0.56:240,0.57:114,0.58:94,0.59:112,0.6:362,0.62:10,0.63:10,0.64:360,0.65:5,0.66:15,0.67:435,0.68:15,0.69:5,0.7:80,0.71:5,0.72:535,0.73:15,0.74:15,0.75:5,0.76:5,0.77:1035,0.78:15,0.79:15,0.8:41,0.81:18,0.82:41,0.83:11,0.84:22,0.85:2055,0.86:57,0.87:28,0.88:90,0.89:91,0.9:3067,0.91:45,0.92:56,0.93:88,0.94:128,0.95:6354.89,0.96:345,0.97:10503,0.98:15566,0.99:93447.73
1786858454.421,bitcoin-up-or-down-august-16-2026-1am-et,bid,0.18:24.45,0.17:119,0.16:220.03,0.15:365,0.14:76,0.13:196,0.12:220,0.11:328,0.1:252,0.09:117,0.08:30,0.07:30,0.06:90,0.05:50,0.04:50,0.03:208.33,0.02:236.56,0.01:1126.15
1786858454.421,bitcoin-up-or-down-august-16-2026-1am-et,ask,0.19:606,0.2:231,0.21:135,0.22:125,0.23:105,0.24:77,0.25:30,0.26:70,0.27:82,0.28:30,0.29:30,0.3:30,0.31:30,0.32:340,0.33:40,0.34:180,0.35:30,0.36:30,0.37:30,0.38:60,0.39:30,0.5:31.25,0.51:60,0.65:10,0.66:120,0.67:20,0.75:5.2,0.8:10,0.9:20,0.93:8.57,0.94:2333.33,0.95:3900,0.98:9.99,0.99:14425
1786858455.149,btc-updown-4h-1786852800,bid,0.23:681.49,0.22:56,0.21:26,0.2:11,0.19:150,0.18:6,0.17:612.24,0.14:55.71,0.11:300,0.1:10,0.08:50,0.07:179.65,0.06:166.6,0.05:227.37,0.04:275,0.03:375.59,0.02:117.16,0.01:7833.17
1786858455.149,btc-updown-4h-1786852800,ask,0.24:61,0.25:206,0.26:827.73,0.27:6,0.28:206,0.29:6,0.3:6,0.31:566,0.32:6,0.33:6,0.34:56,0.35:6,0.36:6,0.37:26,0.38:6,0.39:12,0.4:6,0.41:6,0.42:11,0.43:26,0.44:6,0.45:6,0.46:6,0.47:6,0.48:6,0.49:55.99,0.5:56,0.51:6,0.52:6,0.53:6,0.54:6,0.55:6,0.56:7,0.57:6,0.58:6,0.59:6,0.6:11,0.61:31.14,0.62:6,0.63:6,0.64:6,0.65:6,0.66:6,0.67:6,0.68:6,0.69:6,0.7:11,0.71:6,0.72:6,0.73:6,0.74:6,0.75:6,0.76:6,0.77:6,0.78:6,0.79:6,0.8:6,0.81:6,0.82:6,0.83:6,0.84:5,0.89:300,0.9:2015,0.94:7.41,0.95:20,0.96:4175,0.97:33.33,0.98:79.77,0.99:16677.25
1786858455.319,eth-updown-4h-1786852800,bid,0.24:11,0.23:308,0.22:26,0.21:17,0.2:6,0.19:56,0.18:106,0.17:6,0.11:50,0.06:10,0.05:257.85,0.04:25,0.03:40.34,0.02:69.26,0.01:7282.4
1786858455.319,eth-updown-4h-1786852800,ask,0.25:40,0.26:100,0.27:272,0.28:56,0.29:206,0.3:17,0.31:6,0.32:6,0.33:6,0.34:11,0.35:6,0.36:406,0.37:16,0.38:6,0.39:6,0.4:6,0.41:6,0.42:6,0.43:46,0.44:6,0.45:6,0.46:6,0.47:7,0.48:55.99,0.49:6,0.5:6,0.51:6,0.52:6,0.53:6,0.54:6,0.55:6,0.56:6,0.57:6,0.58:6,0.59:6,0.6:6,0.61:6,0.62:6,0.63:6,0.64:6,0.65:6,0.66:6,0.67:6,0.68:6,0.69:6,0.7:6,0.71:6,0.72:6,0.73:6,0.74:6,0.75:6,0.76:6,0.77:6,0.78:6,0.79:6,0.8:6,0.81:6,0.82:6,0.83:6,0.9:2172,0.94:8.92,0.95:20,0.96:25,0.97:33.33,0.98:6075.24,0.99:17177.25
1786858455.500,ethereum-up-or-down-august-16-2026-1am-et,bid,0.25:103.66,0.24:312.25,0.2:150,0.18:120,0.16:6,0.14:120,0.13:20,0.12:20,0.1:20,0.06:20,0.04:8.6,0.03:21.53,0.02:75,0.01:4320.98
1786858455.500,ethereum-up-or-down-august-16-2026-1am-et,ask,0.26:20,0.27:30,0.28:254,0.29:95,0.3:150,0.33:20,0.39:200,0.41:10,0.42:10,0.43:10,0.5:6,0.65:10,0.75:80,0.88:12.43,0.92:10,0.93:57.94,0.94:2333.33,0.98:6034.63,0.99:14315.15
1786858455.675,sol-updown-15m-1786876200,bid,0.5:1,0.49:375,0.48:20,0.47:259.22,0.44:20,0.43:20,0.42:24,0.41:70,0.4:30,0.39:32,0.38:40,0.36:44,0.34:50,0.31:40,0.3:80,0.26:120,0.21:200,0.12:5.28,0.11:40,0.04:8.81,0.03:5000,0.02:7556.4,0.01:45328.58
1786858455.675,sol-updown-15m-1786876200,ask,0.51:85.53,0.52:5,0.53:547.84,0.54:20,0.56:10,0.57:10,0.58:16,0.59:24,0.6:28,0.61:72,0.62:36,0.64:40,0.66:50,0.7:80,0.71:40,0.74:120,0.79:160,0.81:40,0.9:6.92,0.91:40,0.96:7.18,0.97:5000,0.98:7556.62,0.99:45328.83
1786858455.854,sol-updown-4h-1786852800,bid,0.18:200,0.17:126,0.05:27.96,0.04:25,0.03:39.54,0.02:79.35,0.01:2033.87
1786858455.854,sol-updown-4h-1786852800,ask,0.19:56,0.21:337,0.22:6,0.23:6,0.24:6,0.25:6,0.26:6,0.27:6,0.28:6,0.29:6,0.3:6,0.31:6,0.32:6,0.33:6,0.34:6,0.35:6,0.36:6,0.37:6,0.38:6,0.39:156,0.4:6,0.41:6,0.42:6,0.43:6,0.44:6,0.45:6,0.46:6,0.47:6,0.48:6,0.49:16,0.5:6,0.51:6,0.52:6,0.53:6,0.54:6,0.55:6,0.56:6,0.57:6,0.58:6,0.59:6,0.6:6,0.61:6,0.62:6,0.63:6,0.64:6,0.65:6,0.66:6,0.67:6,0.68:6,0.69:6,0.7:6,0.71:6,0.72:6,0.73:6,0.74:6,0.75:6,0.76:6,0.77:6,0.78:6,0.79:6,0.8:6,0.81:6,0.82:6,0.83:6,0.9:2000,0.94:9.53,0.95:3920,0.96:25,0.97:33.33,0.98:69.91,0.99:16027
1786858456.214,btc-updown-5m-1786860300,bid,0.49:762.07,0.48:48,0.47:157.64,0.46:70,0.45:93,0.44:240,0.43:94,0.42:94,0.41:112,0.4:362,0.38:10,0.37:10,0.36:360,0.35:5,0.34:15,0.33:435,0.32:15,0.31:5,0.3:80,0.29:5,0.28:535,0.27:15,0.26:15,0.25:5,0.24:5,0.23:1035,0.22:15,0.21:15,0.2:41,0.19:18,0.18:41,0.17:11,0.16:22,0.15:2055,0.14:57,0.13:28,0.12:90,0.11:91,0.1:3067,0.09:45,0.08:56,0.07:88,0.06:158,0.05:6354.84,0.04:345,0.03:10503,0.02:15565.89,0.01:93520.3
1786858456.214,btc-updown-5m-1786860300,ask,0.5:30,0.51:1074.86,0.52:48,0.53:157.64,0.54:70,0.55:93,0.56:240,0.57:114,0.58:94,0.59:112,0.6:362,0.62:10,0.63:10,0.64:360,0.65:5,0.66:15,0.67:435,0.68:15,0.69:5,0.7:80,0.71:5,0.72:535,0.73:15,0.74:15,0.75:5,0.76:5,0.77:1035,0.78:15,0.79:15,0.8:41,0.81:18,0.82:41,0.83:11,0.84:22,0.85:2055,0.86:57,0.87:28,0.88:90,0.89:91,0.9:3067,0.91:45,0.92:56,0.93:88,0.94:128,0.95:6354.89,0.96:345,0.97:10503,0.98:15566,0.99:93447.73
1786858457.371,bitcoin-up-or-down-august-16-2026-1am-et,bid,0.18:44.45,0.17:119,0.16:220.03,0.15:365,0.14:76,0.13:196,0.12:220,0.11:328,0.1:252,0.09:237,0.08:150,0.07:150,0.06:210,0.05:50,0.04:50,0.03:208.33,0.02:236.56,0.01:1126.15
1786858457.371,bitcoin-up-or-down-august-16-2026-1am-et,ask,0.19:606,0.2:231,0.21:135,0.22:125,0.23:105,0.24:197,0.25:150,0.26:190,0.27:202,0.28:150,0.29:150,0.3:30,0.31:30,0.32:340,0.33:40,0.34:180,0.35:30,0.36:30,0.37:30,0.38:60,0.39:30,0.5:31.25,0.51:60,0.65:10,0.66:120,0.67:20,0.75:5.2,0.8:10,0.9:20,0.93:8.57,0.94:2333.33,0.95:3900,0.98:9.99,0.99:14425
1786858457.538,btc-updown-4h-1786852800,bid,0.23:681.49,0.22:56,0.21:26,0.2:11,0.19:150,0.18:6,0.17:612.24,0.14:55.71,0.11:300,0.1:10,0.08:50,0.07:179.65,0.06:166.6,0.05:227.37,0.04:275,0.03:375.59,0.02:117.16,0.01:7833.17
1786858457.538,btc-updown-4h-1786852800,ask,0.24:61,0.25:206,0.26:827.73,0.27:6,0.28:206,0.29:6,0.3:6,0.31:566,0.32:6,0.33:6,0.34:56,0.35:6,0.36:6,0.37:26,0.38:6,0.39:12,0.4:6,0.41:6,0.42:11,0.43:26,0.44:6,0.45:6,0.46:6,0.47:6,0.48:6,0.49:55.99,0.5:56,0.51:6,0.52:6,0.53:6,0.54:6,0.55:6,0.56:7,0.57:6,0.58:6,0.59:6,0.6:11,0.61:31.14,0.62:6,0.63:6,0.64:6,0.65:6,0.66:6,0.67:6,0.68:6,0.69:6,0.7:11,0.71:6,0.72:6,0.73:6,0.74:6,0.75:6,0.76:6,0.77:6,0.78:6,0.79:6,0.8:6,0.81:6,0.82:6,0.83:6,0.84:5,0.89:300,0.9:2015,0.94:7.41,0.95:20,0.96:4175,0.97:33.33,0.98:79.77,0.99:16677.25
1786858457.712,eth-updown-4h-1786852800,bid,0.24:11,0.23:308,0.22:26,0.21:6,0.2:6,0.19:56,0.18:106,0.17:6,0.11:50,0.06:10,0.05:257.85,0.04:25,0.03:40.34,0.02:69.26,0.01:7282.4
1786858457.712,eth-updown-4h-1786852800,ask,0.25:40,0.26:100,0.27:272,0.28:56,0.29:206,0.3:6,0.31:6,0.32:6,0.33:6,0.34:11,0.35:6,0.36:406,0.37:16,0.38:6,0.39:6,0.4:6,0.41:6,0.42:6,0.43:46,0.44:6,0.45:6,0.46:6,0.47:7,0.48:55.99,0.49:6,0.5:6,0.51:6,0.52:6,0.53:6,0.54:6,0.55:6,0.56:6,0.57:6,0.58:6,0.59:6,0.6:6,0.61:6,0.62:6,0.63:6,0.64:6,0.65:6,0.66:6,0.67:6,0.68:6,0.69:6,0.7:6,0.71:6,0.72:6,0.73:6,0.74:6,0.75:6,0.76:6,0.77:6,0.78:6,0.79:6,0.8:6,0.81:6,0.82:6,0.83:6,0.9:2172,0.94:8.92,0.95:20,0.96:25,0.97:33.33,0.98:6075.24,0.99:17177.25
1786858457.874,ethereum-up-or-down-august-16-2026-1am-et,bid,0.25:53.66,0.24:312.25,0.2:200,0.18:120,0.16:6,0.14:120,0.13:20,0.12:20,0.1:20,0.06:20,0.04:8.6,0.03:21.53,0.02:75,0.01:4320.98
1786858457.874,ethereum-up-or-down-august-16-2026-1am-et,ask,0.26:20,0.27:30,0.28:254,0.29:95,0.3:150,0.32:120,0.33:20,0.34:120,0.36:120,0.39:200,0.41:10,0.42:10,0.43:10,0.5:6,0.65:10,0.75:80,0.88:12.43,0.92:10,0.93:57.94,0.94:2333.33,0.98:6034.63,0.99:14315.15
1786858458.041,sol-updown-15m-1786876200,bid,0.5:1,0.49:375,0.48:20,0.47:259.22,0.44:20,0.43:20,0.42:24,0.41:70,0.4:30,0.39:32,0.38:40,0.36:44,0.34:50,0.31:40,0.3:80,0.26:120,0.21:200,0.12:5.28,0.11:40,0.04:8.81,0.03:5000,0.02:7556.4,0.01:45328.58
1786858458.041,sol-updown-15m-1786876200,ask,0.51:85.53,0.52:5,0.53:547.84,0.54:20,0.56:10,0.57:10,0.58:16,0.59:24,0.6:28,0.61:72,0.62:36,0.64:40,0.66:50,0.7:80,0.71:40,0.74:120,0.79:160,0.81:40,0.9:6.92,0.91:40,0.96:7.18,0.97:5000,0.98:7556.62,0.99:45328.83
1786858458.208,sol-updown-4h-1786852800,bid,0.18:200,0.17:126,0.12:11,0.05:27.96,0.04:25,0.03:39.54,0.02:79.35,0.01:2033.87
1786858458.208,sol-updown-4h-1786852800,ask,0.19:56,0.21:337,0.22:6,0.23:6,0.24:6,0.25:6,0.26:6,0.27:6,0.28:6,0.29:6,0.3:6,0.31:6,0.32:6,0.33:6,0.34:6,0.35:6,0.36:6,0.37:6,0.38:6,0.39:156,0.4:6,0.41:6,0.42:6,0.43:6,0.44:6,0.45:6,0.46:6,0.47:6,0.48:6,0.49:16,0.5:6,0.51:6,0.52:6,0.53:6,0.54:6,0.55:6,0.56:6,0.57:6,0.58:6,0.59:6,0.6:6,0.61:6,0.62:6,0.63:6,0.64:6,0.65:6,0.66:6,0.67:6,0.68:6,0.69:6,0.7:6,0.71:6,0.72:6,0.73:6,0.74:6,0.75:6,0.76:6,0.77:6,0.78:6,0.79:6,0.8:6,0.81:6,0.82:6,0.83:6,0.9:2000,0.94:9.53,0.95:3920,0.96:25,0.97:33.33,0.98:69.91,0.99:16027
1786858458.546,btc-updown-5m-1786860300,bid,0.49:762.07,0.48:48,0.47:157.64,0.46:70,0.45:93,0.44:240,0.43:94,0.42:94,0.41:112,0.4:362,0.38:10,0.37:10,0.36:360,0.35:5,0.34:15,0.33:435,0.32:15,0.31:5,0.3:80,0.29:5,0.28:535,0.27:15,0.26:15,0.25:5,0.24:5,0.23:1035,0.22:15,0.21:15,0.2:41,0.19:18,0.18:41,0.17:11,0.16:22,0.15:2055,0.14:57,0.13:28,0.12:90,0.11:91,0.1:3067,0.09:45,0.08:56,0.07:88,0.06:158,0.05:6354.84,0.04:345,0.03:10503,0.02:15565.89,0.01:93520.3
1786858458.546,btc-updown-5m-1786860300,ask,0.5:30,0.51:1074.86,0.52:48,0.53:157.64,0.54:70,0.55:93,0.56:240,0.57:114,0.58:94,0.59:112,0.6:362,0.62:10,0.63:10,0.64:360,0.65:5,0.66:15,0.67:435,0.68:15,0.69:5,0.7:80,0.71:5,0.72:535,0.73:15,0.74:15,0.75:5,0.76:5,0.77:1035,0.78:15,0.79:15,0.8:41,0.81:18,0.82:41,0.83:11,0.84:22,0.85:2055,0.86:57,0.87:28,0.88:90,0.89:91,0.9:3067,0.91:45,0.92:56,0.93:88,0.94:128,0.95:6354.89,0.96:345,0.97:10503,0.98:15566,0.99:93447.73
1786858460.450,bitcoin-up-or-down-august-16-2026-1am-et,bid,0.18:44.45,0.17:72,0.16:267.03,0.15:365,0.14:76,0.13:196,0.12:220,0.11:328,0.1:252,0.09:237,0.08:150,0.07:150,0.06:210,0.05:50,0.04:50,0.03:208.33,0.02:236.56,0.01:1126.15
1786858460.450,bitcoin-up-or-down-august-16-2026-1am-et,ask,0.19:604,0.2:215,0.21:135,0.22:125,0.23:105,0.24:197,0.25:150,0.26:190,0.27:202,0.28:150,0.29:150,0.3:150,0.31:150,0.32:340,0.33:40,0.34:180,0.35:30,0.36:30,0.37:30,0.38:60,0.39:30,0.5:31.25,0.51:60,0.65:10,0.66:120,0.67:20,0.75:5.2,0.8:10,0.9:20,0.93:8.57,0.94:2333.33,0.95:3900,0.98:9.99,0.99:14425
1786858460.644,btc-updown-4h-1786852800,bid,0.23:781.49,0.22:56,0.21:26,0.2:11,0.19:150,0.18:6,0.17:612.24,0.14:55.71,0.11:300,0.1:10,0.08:50,0.07:179.65,0.06:166.6,0.05:227.37,0.04:275,0.03:375.59,0.02:117.16,0.01:7833.17
1786858460.644,btc-updown-4h-1786852800,ask,0.24:61,0.25:206,0.26:827.73,0.27:6,0.28:206,0.29:6,0.3:6,0.31:566,0.32:6,0.33:6,0.34:56,0.35:6,0.36:6,0.37:26,0.38:6,0.39:12,0.4:6,0.41:6,0.42:11,0.43:26,0.44:6,0.45:6,0.46:6,0.47:6,0.48:6,0.49:55.99,0.5:56,0.51:6,0.52:6,0.53:6,0.54:6,0.55:6,0.56:7,0.57:6,0.58:6,0.59:6,0.6:11,0.61:31.14,0.62:6,0.63:6,0.64:6,0.65:6,0.66:6,0.67:6,0.68:6,0.69:6,0.7:11,0.71:6,0.72:6,0.73:6,0.74:6,0.75:6,0.76:6,0.77:6,0.78:6,0.79:6,0.8:6,0.81:6,0.82:6,0.83:6,0.84:5,0.89:300,0.9:2015,0.94:7.41,0.95:20,0.96:4175,0.97:33.33,0.98:79.77,0.99:16677.25
1786858460.844,eth-updown-4h-1786852800,bid,0.24:11,0.23:308,0.22:26,0.21:17,0.2:6,0.19:56,0.18:106,0.17:6,0.11:50,0.06:10,0.05:257.85,0.04:25,0.03:40.34,0.02:69.26,0.01:7282.4
1786858460.844,eth-updown-4h-1786852800,ask,0.25:40,0.26:100,0.27:272,0.28:56,0.29:206,0.3:17,0.31:6,0.32:6,0.33:6,0.34:11,0.35:6,0.36:406,0.37:16,0.38:6,0.39:6,0.4:6,0.41:6,0.42:6,0.43:46,0.44:6,0.45:6,0.46:6,0.47:7,0.48:55.99,0.49:6,0.5:6,0.51:6,0.52:6,0.53:6,0.54:6,0.55:6,0.56:6,0.57:6,0.58:6,0.59:6,0.6:6,0.61:6,0.62:6,0.63:6,0.64:6,0.65:6,0.66:6,0.67:6,0.68:6,0.69:6,0.7:6,0.71:6,0.72:6,0.73:6,0.74:6,0.75:6,0.76:6,0.77:6,0.78:6,0.79:6,0.8:6,0.81:6,0.82:6,0.83:6,0.9:2172,0.94:8.92,0.95:20,0.96:25,0.97:33.33,0.98:6075.24,0.99:17177.25
1786858461.066,ethereum-up-or-down-august-16-2026-1am-et,bid,0.25:73.66,0.24:234,0.23:78,0.2:320,0.19:120,0.18:120,0.17:120,0.16:120,0.15:126,0.14:120,0.13:140,0.12:20,0.1:20,0.06:20,0.04:8.6,0.03:21.53,0.02:75,0.01:4320.98
1786858461.066,ethereum-up-or-down-august-16-2026-1am-et,ask,0.26:20,0.27:30,0.28:304,0.29:45,0.3:150,0.31:120,0.32:120,0.33:20,0.34:120,0.36:120,0.38:120,0.39:320,0.41:10,0.42:10,0.43:10,0.5:6,0.65:10,0.75:80,0.88:12.43,0.92:10,0.93:17.94,0.94:2333.33,0.98:6034.63,0.99:14315.15
1786858461.235,sol-updown-15m-1786876200,bid,0.5:1,0.49:375,0.48:20,0.47:259.22,0.44:20,0.43:20,0.42:24,0.41:70,0.4:30,0.39:32,0.38:40,0.36:44,0.34:50,0.31:40,0.3:80,0.26:120,0.21:200,0.12:5.28,0.11:40,0.04:8.81,0.03:5000,0.02:7556.4,0.01:45328.58
1786858461.235,sol-updown-15m-1786876200,ask,0.51:85.53,0.52:5,0.53:547.84,0.54:20,0.56:10,0.57:10,0.58:16,0.59:24,0.6:28,0.61:72,0.62:36,0.64:40,0.66:50,0.7:80,0.71:40,0.74:120,0.79:160,0.81:40,0.9:6.92,0.91:40,0.96:7.18,0.97:5000,0.98:7556.62,0.99:45328.83
1786858461.409,sol-updown-4h-1786852800,bid,0.18:200,0.17:126,0.12:11,0.05:27.96,0.04:25,0.03:39.54,0.02:79.35,0.01:2033.87
1786858461.409,sol-updown-4h-1786852800,ask,0.19:56,0.21:337,0.22:6,0.23:6,0.24:6,0.25:6,0.26:6,0.27:6,0.28:6,0.29:6,0.3:6,0.31:6,0.32:6,0.33:6,0.34:6,0.35:6,0.36:6,0.37:6,0.38:6,0.39:156,0.4:6,0.41:6,0.42:6,0.43:6,0.44:6,0.45:6,0.46:6,0.47:6,0.48:6,0.49:16,0.5:6,0.51:6,0.52:6,0.53:6,0.54:6,0.55:6,0.56:6,0.57:6,0.58:6,0.59:6,0.6:6,0.61:6,0.62:6,0.63:6,0.64:6,0.65:6,0.66:6,0.67:6,0.68:6,0.69:6,0.7:6,0.71:6,0.72:6,0.73:6,0.74:6,0.75:6,0.76:6,0.77:6,0.78:6,0.79:6,0.8:6,0.81:6,0.82:6,0.83:6,0.9:2000,0.94:9.53,0.95:3920,0.96:25,0.97:33.33,0.98:69.91,0.99:16027
1786858461.759,btc-updown-5m-1786860300,bid,0.49:762.07,0.48:48,0.47:157.64,0.46:70,0.45:93,0.44:240,0.43:94,0.42:94,0.41:112,0.4:362,0.38:10,0.37:10,0.36:360,0.35:5,0.34:15,0.33:435,0.32:15,0.31:5,0.3:80,0.29:5,0.28:535,0.27:15,0.26:15,0.25:5,0.24:5,0.23:1035,0.22:15,0.21:15,0.2:41,0.19:18,0.18:41,0.17:11,0.16:22,0.15:2055,0.14:57,0.13:28,0.12:90,0.11:91,0.1:3067,0.09:45,0.08:56,0.07:88,0.06:158,0.05:6354.84,0.04:345,0.03:10503,0.02:15565.89,0.01:93520.3
1786858461.759,btc-updown-5m-1786860300,ask,0.5:30,0.51:1074.86,0.52:48,0.53:157.64,0.54:70,0.55:93,0.56:240,0.57:114,0.58:94,0.59:112,0.6:362,0.62:10,0.63:10,0.64:360,0.65:5,0.66:15,0.67:435,0.68:15,0.69:5,0.7:80,0.71:5,0.72:535,0.73:15,0.74:15,0.75:5,0.76:5,0.77:1035,0.78:15,0.79:15,0.8:41,0.81:18,0.82:41,0.83:11,0.84:22,0.85:2055,0.86:57,0.87:28,0.88:90,0.89:91,0.9:3067,0.91:45,0.92:56,0.93:88,0.94:128,0.95:6354.89,0.96:345,0.97:10503,0.98:15566,0.99:93447.73
1786858463.356,bitcoin-up-or-down-august-16-2026-1am-et,bid,0.18:64.45,0.17:119,0.16:220.03,0.15:365,0.14:76,0.13:196,0.12:220,0.11:208,0.1:132,0.09:117,0.08:30,0.07:30,0.06:90,0.05:50,0.04:50,0.03:208.33,0.02:236.56,0.01:1126.15
1786858463.356,bitcoin-up-or-down-august-16-2026-1am-et,ask,0.19:588,0.2:223,0.21:120,0.22:125,0.23:105,0.24:77,0.25:30,0.26:70,0.27:82,0.28:30,0.29:30,0.3:30,0.31:30,0.32:340,0.33:40,0.34:180,0.35:30,0.36:30,0.37:30,0.38:60,0.39:30,0.5:31.25,0.51:60,0.65:10,0.66:120,0.67:20,0.75:5.2,0.8:10,0.9:20,0.93:8.57,0.94:2333.33,0.95:3900,0.98:9.99,0.99:14425
1786858463.518,btc-updown-4h-1786852800,bid,0.23:261.49,0.22:56,0.21:26,0.2:11,0.19:150,0.18:6,0.17:612.24,0.14:55.71,0.11:300,0.1:10,0.08:50,0.07:179.65,0.06:166.6,0.05:227.37,0.04:275,0.03:375.59,0.02:117.16,0.01:7833.17
1786858463.518,btc-updown-4h-1786852800,ask,0.24:61,0.25:206,0.26:827.73,0.27:6,0.28:206,0.29:6,0.3:6,0.31:566,0.32:6,0.33:6,0.34:56,0.35:6,0.36:6,0.37:26,0.38:6,0.39:12,0.4:6,0.41:6,0.42:11,0.43:26,0.44:6,0.45:6,0.46:6,0.47:6,0.48:6,0.49:55.99,0.5:56,0.51:6,0.52:6,0.53:6,0.54:6,0.55:6,0.56:7,0.57:6,0.58:6,0.59:6,0.6:11,0.61:31.14,0.62:6,0.63:6,0.64:6,0.65:6,0.66:6,0.67:6,0.68:6,0.69:6,0.7:11,0.71:6,0.72:6,0.73:6,0.74:6,0.75:6,0.76:6,0.77:6,0.78:6,0.79:6,0.8:6,0.81:6,0.82:6,0.83:6,0.84:5,0.89:300,0.9:2015,0.94:7.41,0.95:20,0.96:4175,0.97:33.33,0.98:79.77,0.99:16677.25
1786858463.686,eth-updown-4h-1786852800,bid,0.24:11,0.23:308,0.22:26,0.21:6,0.2:6,0.19:56,0.18:106,0.17:6,0.11:90,0.06:10,0.05:257.85,0.04:25,0.03:40.34,0.02:69.26,0.01:7282.4
1786858463.686,eth-updown-4h-1786852800,ask,0.25:40,0.26:100,0.27:472,0.28:56,0.29:6,0.3:6,0.31:6,0.32:6,0.33:6,0.34:11,0.35:6,0.36:406,0.37:16,0.38:6,0.39:6,0.4:6,0.41:6,0.42:6,0.43:46,0.44:6,0.45:6,0.46:6,0.47:7,0.48:55.99,0.49:6,0.5:6,0.51:6,0.52:6,0.53:6,0.54:6,0.55:6,0.56:6,0.57:6,0.58:6,0.59:6,0.6:6,0.61:6,0.62:6,0.63:6,0.64:6,0.65:6,0.66:6,0.67:6,0.68:6,0.69:6,0.7:6,0.71:6,0.72:6,0.73:6,0.74:6,0.75:6,0.76:6,0.77:6,0.78:6,0.79:6,0.8:6,0.81:6,0.82:6,0.83:6,0.9:2172,0.94:8.92,0.95:20,0.96:25,0.97:33.33,0.98:6075.24,0.99:17177.25
1786858463.856,ethereum-up-or-down-august-16-2026-1am-et,bid,0.25:73.66,0.24:234,0.23:78,0.2:320,0.15:6,0.13:20,0.12:20,0.1:20,0.06:20,0.04:8.6,0.03:21.53,0.02:75,0.01:14320.98
1786858463.856,ethereum-up-or-down-august-16-2026-1am-et,ask,0.26:20,0.27:30,0.28:304,0.29:45,0.3:150,0.33:20,0.39:200,0.41:10,0.42:10,0.43:10,0.5:6,0.65:10,0.75:80,0.88:12.43,0.92:50,0.93:17.94,0.94:2333.33,0.98:6034.63,0.99:14315.15
1786858464.275,sol-updown-15m-1786876200,bid,0.5:1,0.49:375,0.48:20,0.47:259.22,0.44:20,0.43:20,0.42:24,0.41:70,0.4:30,0.39:32,0.38:40,0.36:44,0.34:50,0.31:40,0.3:80,0.26:120,0.21:200,0.12:5.28,0.11:40,0.04:8.81,0.03:5000,0.02:7556.4,0.01:45328.58
1786858464.275,sol-updown-15m-1786876200,ask,0.51:85.53,0.52:5,0.53:547.84,0.54:20,0.56:10,0.57:10,0.58:16,0.59:24,0.6:28,0.61:72,0.62:36,0.64:40,0.66:50,0.7:80,0.71:40,0.74:120,0.79:160,0.81:40,0.9:6.92,0.91:40,0.96:7.18,0.97:5000,0.98:7556.62,0.99:45328.83
1786858464.467,sol-updown-4h-1786852800,bid,0.18:200,0.17:126,0.05:27.96,0.04:25,0.03:39.54,0.02:79.35,0.01:2033.87
1786858464.467,sol-updown-4h-1786852800,ask,0.19:56,0.21:348,0.22:6,0.23:6,0.24:6,0.25:6,0.26:6,0.27:6,0.28:6,0.29:6,0.3:6,0.31:6,0.32:6,0.33:6,0.34:6,0.35:6,0.36:6,0.37:6,0.38:6,0.39:156,0.4:6,0.41:6,0.42:6,0.43:6,0.44:6,0.45:6,0.46:6,0.47:6,0.48:6,0.49:16,0.5:6,0.51:6,0.52:6,0.53:6,0.54:6,0.55:6,0.56:6,0.57:6,0.58:6,0.59:6,0.6:6,0.61:6,0.62:6,0.63:6,0.64:6,0.65:6,0.66:6,0.67:6,0.68:6,0.69:6,0.7:6,0.71:6,0.72:6,0.73:6,0.74:6,0.75:6,0.76:6,0.77:6,0.78:6,0.79:6,0.8:6,0.81:6,0.82:6,0.83:6,0.9:2000,0.94:9.53,0.95:3920,0.96:25,0.97:33.33,0.98:69.91,0.99:16027
1786858464.816,btc-updown-5m-1786860300,bid,0.49:762.07,0.48:48,0.47:157.64,0.46:70,0.45:93,0.44:240,0.43:94,0.42:94,0.41:112,0.4:362,0.38:10,0.37:10,0.36:360,0.35:5,0.34:15,0.33:435,0.32:15,0.31:5,0.3:80,0.29:5,0.28:535,0.27:15,0.26:15,0.25:5,0.24:5,0.23:1035,0.22:15,0.21:15,0.2:41,0.19:18,0.18:41,0.17:11,0.16:22,0.15:2055,0.14:57,0.13:28,0.12:90,0.11:91,0.1:3067,0.09:45,0.08:56,0.07:88,0.06:158,0.05:6354.84,0.04:345,0.03:10503,0.02:15565.89,0.01:93520.3
1786858464.816,btc-updown-5m-1786860300,ask,0.5:30,0.51:1074.86,0.52:48,0.53:157.64,0.54:70,0.55:93,0.56:240,0.57:114,0.58:94,0.59:112,0.6:362,0.62:10,0.63:10,0.64:360,0.65:5,0.66:15,0.67:435,0.68:15,0.69:5,0.7:80,0.71:5,0.72:535,0.73:15,0.74:15,0.75:5,0.76:5,0.77:1035,0.78:15,0.79:15,0.8:41,0.81:18,0.82:41,0.83:11,0.84:22,0.85:2055,0.86:57,0.87:28,0.88:90,0.89:91,0.9:3067,0.91:45,0.92:56,0.93:88,0.94:128,0.95:6354.89,0.96:345,0.97:10503,0.98:15566,0.99:93447.73
1786858466.363,bitcoin-up-or-down-august-16-2026-1am-et,bid,0.18:64.45,0.17:119,0.16:220.03,0.15:365,0.14:76,0.13:196,0.12:220,0.11:328,0.1:252,0.09:237,0.08:150,0.07:150,0.06:210,0.05:50,0.04:50,0.03:208.33,0.02:206.56,0.01:1126.15
1786858466.363,bitcoin-up-or-down-august-16-2026-1am-et,ask,0.19:596,0.2:231,0.21:135,0.22:125,0.23:105,0.24:197,0.25:150,0.26:190,0.27:202,0.28:30,0.29:30,0.3:30,0.31:30,0.32:340,0.33:40,0.34:180,0.35:30,0.36:30,0.37:30,0.38:60,0.39:30,0.5:31.25,0.51:60,0.65:10,0.66:120,0.67:20,0.75:5.2,0.8:10,0.9:20,0.93:8.57,0.94:2333.33,0.95:3900,0.98:9.99,0.99:14425
1786858466.550,btc-updown-4h-1786852800,bid,0.23:361.49,0.22:476,0.21:26,0.2:11,0.19:150,0.18:6,0.17:612.24,0.14:44.71,0.13:11,0.11:300,0.1:10,0.08:50,0.07:179.65,0.06:166.6,0.05:227.37,0.04:275,0.03:375.59,0.02:117.16,0.01:7833.17
1786858466.550,btc-updown-4h-1786852800,ask,0.24:61,0.25:206,0.26:827.73,0.27:6,0.28:206,0.29:6,0.3:6,0.31:566,0.32:6,0.33:6,0.34:56,0.35:6,0.36:6,0.37:26,0.38:6,0.39:12,0.4:6,0.41:6,0.42:11,0.43:26,0.44:6,0.45:6,0.46:6,0.47:6,0.48:6,0.49:55.99,0.5:56,0.51:6,0.52:6,0.53:6,0.54:6,0.55:6,0.56:7,0.57:6,0.58:6,0.59:6,0.6:11,0.61:31.14,0.62:6,0.63:6,0.64:6,0.65:6,0.66:6,0.67:6,0.68:6,0.69:6,0.7:11,0.71:6,0.72:6,0.73:6,0.74:6,0.75:6,0.76:6,0.77:6,0.78:6,0.79:6,0.8:6,0.81:6,0.82:6,0.83:6,0.84:5,0.89:300,0.9:2015,0.94:7.41,0.95:20,0.96:4175,0.97:33.33,0.98:79.77,0.99:16677.25
1786858466.725,eth-updown-4h-1786852800,bid,0.24:11,0.23:308,0.22:26,0.21:17,0.2:6,0.19:6,0.18:106,0.17:6,0.11:90,0.06:10,0.05:257.85,0.04:25,0.03:40.34,0.02:69.26,0.01:7282.4
1786858466.725,eth-updown-4h-1786852800,ask,0.25:40,0.26:150,0.27:472,0.28:6,0.29:6,0.3:17,0.31:6,0.32:6,0.33:6,0.34:11,0.35:6,0.36:406,0.37:16,0.38:6,0.39:6,0.4:6,0.41:6,0.42:6,0.43:46,0.44:6,0.45:6,0.46:6,0.47:7,0.48:55.99,0.49:6,0.5:6,0.51:6,0.52:6,0.53:6,0.54:6,0.55:6,0.56:6,0.57:6,0.58:6,0.59:6,0.6:6,0.61:6,0.62:6,0.63:6,0.64:6,0.65:6,0.66:6,0.67:6,0.68:6,0.69:6,0.7:6,0.71:6,0.72:6,0.73:6,0.74:6,0.75:6,0.76:6,0.77:6,0.78:6,0.79:6,0.8:6,0.81:6,0.82:6,0.83:6,0.9:2172,0.94:8.92,0.95:20,0.96:25,0.97:33.33,0.98:6075.24,0.99:17177.25
1786858466.899,ethereum-up-or-down-august-16-2026-1am-et,bid,0.25:68.66,0.24:317.25,0.2:120,0.19:200,0.17:120,0.15:6,0.14:20,0.13:120,0.12:20,0.1:20,0.06:20,0.04:8.6,0.03:21.53,0.02:75,0.01:4320.98
1786858466.899,ethereum-up-or-down-august-16-2026-1am-et,ask,0.26:20,0.27:30,0.28:254,0.29:245,0.31:120,0.33:20,0.39:200,0.41:10,0.42:10,0.43:10,0.5:6,0.65:10,0.75:80,0.88:12.43,0.92:50,0.93:17.94,0.94:2333.33,0.98:6034.63,0.99:14315.15
1786858467.079,sol-updown-15m-1786876200,bid,0.5:1,0.49:375,0.48:20,0.47:259.22,0.44:20,0.43:20,0.42:24,0.41:70,0.4:30,0.39:32,0.38:40,0.36:44,0.34:50,0.31:40,0.3:80,0.26:120,0.21:200,0.12:5.28,0.11:40,0.04:8.81,0.03:5000,0.02:7556.4,0.01:45328.58
1786858467.079,sol-updown-15m-1786876200,ask,0.51:85.53,0.52:5,0.53:547.84,0.54:20,0.56:10,0.57:10,0.58:16,0.59:24,0.6:28,0.61:72,0.62:36,0.64:40,0.66:50,0.7:80,0.71:40,0.74:120,0.79:160,0.81:40,0.9:6.92,0.91:40,0.96:7.18,0.97:5000,0.98:7556.62,0.99:45328.83
1786858467.250,sol-updown-4h-1786852800,bid,0.18:200,0.17:126,0.12:11,0.05:27.96,0.04:25,0.03:39.54,0.02:79.35,0.01:2033.87
1786858467.250,sol-updown-4h-1786852800,ask,0.19:56,0.21:348,0.22:6,0.23:6,0.24:6,0.25:6,0.26:6,0.27:6,0.28:6,0.29:6,0.3:6,0.31:6,0.32:6,0.33:6,0.34:6,0.35:6,0.36:6,0.37:6,0.38:6,0.39:156,0.4:6,0.41:6,0.42:6,0.43:6,0.44:6,0.45:6,0.46:6,0.47:6,0.48:6,0.49:16,0.5:6,0.51:6,0.52:6,0.53:6,0.54:6,0.55:6,0.56:6,0.57:6,0.58:6,0.59:6,0.6:6,0.61:6,0.62:6,0.63:6,0.64:6,0.65:6,0.66:6,0.67:6,0.68:6,0.69:6,0.7:6,0.71:6,0.72:6,0.73:6,0.74:6,0.75:6,0.76:6,0.77:6,0.78:6,0.79:6,0.8:6,0.81:6,0.82:6,0.83:6,0.9:2000,0.94:9.53,0.95:3920,0.96:25,0.97:33.33,0.98:69.91,0.99:16027
1786858467.589,btc-updown-5m-1786860300,bid,0.49:762.07,0.48:48,0.47:157.64,0.46:70,0.45:93,0.44:240,0.43:94,0.42:94,0.41:112,0.4:362,0.38:10,0.37:10,0.36:360,0.35:5,0.34:15,0.33:435,0.32:15,0.31:5,0.3:80,0.29:5,0.28:535,0.27:15,0.26:15,0.25:5,0.24:5,0.23:1035,0.22:15,0.21:15,0.2:41,0.19:18,0.18:41,0.17:11,0.16:22,0.15:2055,0.14:57,0.13:28,0.12:90,0.11:91,0.1:3067,0.09:45,0.08:56,0.07:88,0.06:158,0.05:6354.84,0.04:345,0.03:10503,0.02:15565.89,0.01:93520.3
1786858467.589,btc-updown-5m-1786860300,ask,0.5:30,0.51:1074.86,0.52:48,0.53:157.64,0.54:70,0.55:93,0.56:240,0.57:114,0.58:94,0.59:112,0.6:362,0.62:10,0.63:10,0.64:360,0.65:5,0.66:15,0.67:435,0.68:15,0.69:5,0.7:80,0.71:5,0.72:535,0.73:15,0.74:15,0.75:5,0.76:5,0.77:1035,0.78:15,0.79:15,0.8:41,0.81:18,0.82:41,0.83:11,0.84:22,0.85:2055,0.86:57,0.87:28,0.88:90,0.89:91,0.9:3067,0.91:45,0.92:56,0.93:88,0.94:128,0.95:6354.89,0.96:345,0.97:10503,0.98:15566,0.99:93447.73
1786858469.361,bitcoin-up-or-down-august-16-2026-1am-et,bid,0.18:64.45,0.17:119,0.16:176.53,0.15:365,0.14:76,0.13:196,0.12:220,0.11:328,0.1:252,0.09:237,0.08:150,0.07:150,0.06:210,0.05:50,0.04:50,0.03:208.33,0.02:206.56,0.01:1126.15
1786858469.361,bitcoin-up-or-down-august-16-2026-1am-et,ask,0.19:598,0.2:223,0.21:135,0.22:125,0.23:105,0.24:197,0.25:150,0.26:190,0.27:202,0.28:150,0.29:150,0.3:150,0.31:150,0.32:340,0.33:40,0.34:180,0.35:30,0.36:30,0.37:30,0.38:60,0.39:30,0.5:31.25,0.51:60,0.65:10,0.66:120,0.67:20,0.75:5.2,0.8:10,0.9:20,0.93:8.57,0.94:2333.33,0.95:3900,0.98:9.99,0.99:14425
1786858469.541,btc-updown-4h-1786852800,bid,0.23:361.49,0.22:476,0.21:26,0.2:11,0.19:150,0.18:6,0.17:612.24,0.14:44.71,0.13:11,0.11:300,0.1:10,0.08:50,0.07:179.65,0.06:166.6,0.05:227.37,0.04:275,0.03:375.59,0.02:117.16,0.01:7833.17
1786858469.541,btc-updown-4h-1786852800,ask,0.24:61,0.25:206,0.26:827.73,0.27:6,0.28:206,0.29:6,0.3:6,0.31:566,0.32:6,0.33:6,0.34:56,0.35:6,0.36:6,0.37:26,0.38:6,0.39:12,0.4:6,0.41:6,0.42:11,0.43:26,0.44:6,0.45:6,0.46:6,0.47:6,0.48:6,0.49:55.99,0.5:56,0.51:6,0.52:6,0.53:6,0.54:6,0.55:6,0.56:7,0.57:6,0.58:6,0.59:6,0.6:11,0.61:31.14,0.62:6,0.63:6,0.64:6,0.65:6,0.66:6,0.67:6,0.68:6,0.69:6,0.7:11,0.71:6,0.72:6,0.73:6,0.74:6,0.75:6,0.76:6,0.77:6,0.78:6,0.79:6,0.8:6,0.81:6,0.82:6,0.83:6,0.84:5,0.89:300,0.9:2015,0.94:7.41,0.95:20,0.96:4175,0.97:33.33,0.98:79.77,0.99:16677.25
1786858469.722,eth-updown-4h-1786852800,bid,0.24:11,0.23:308,0.22:26,0.21:17,0.2:6,0.19:6,0.18:156,0.17:6,0.11:90,0.06:10,0.05:57.85,0.04:225,0.03:40.34,0.02:69.26,0.01:7282.4
1786858469.722,eth-updown-4h-1786852800,ask,0.25:40,0.26:150,0.27:472,0.28:6,0.29:6,0.3:17,0.31:6,0.32:6,0.33:6,0.34:11,0.35:6,0.36:406,0.37:16,0.38:6,0.39:6,0.4:6,0.41:6,0.42:6,0.43:46,0.44:6,0.45:6,0.46:6,0.47:7,0.48:55.99,0.49:6,0.5:6,0.51:6,0.52:6,0.53:6,0.54:6,0.55:6,0.56:6,0.57:6,0.58:6,0.59:6,0.6:6,0.61:6,0.62:6,0.63:6,0.64:6,0.65:6,0.66:6,0.67:6,0.68:6,0.69:6,0.7:6,0.71:6,0.72:6,0.73:6,0.74:6,0.75:6,0.76:6,0.77:6,0.78:6,0.79:6,0.8:6,0.81:6,0.82:6,0.83:6,0.9:2172,0.94:8.92,0.95:20,0.96:25,0.97:33.33,0.98:6075.24,0.99:17177.25
1786858469.897,ethereum-up-or-down-august-16-2026-1am-et,bid,0.25:68.66,0.24:317.25,0.2:120,0.19:320,0.18:120,0.17:120,0.16:120,0.15:126,0.14:120,0.13:120,0.12:120,0.04:8.6,0.03:21.53,0.02:75,0.01:4320.98
1786858469.897,ethereum-up-or-down-august-16-2026-1am-et,ask,0.26:20,0.27:30,0.28:254,0.29:245,0.31:120,0.33:20,0.38:120,0.39:320,0.41:10,0.42:10,0.43:10,0.5:6,0.65:10,0.75:80,0.88:12.43,0.92:50,0.93:17.94,0.94:2333.33,0.98:6034.63,0.99:14315.15
1786858470.112,sol-updown-15m-1786876200,bid,0.5:1,0.49:375,0.48:20,0.47:259.22,0.44:20,0.43:20,0.42:24,0.41:70,0.4:30,0.39:32,0.38:40,0.36:44,0.34:50,0.31:40,0.3:80,0.26:120,0.21:200,0.12:5.28,0.11:40,0.04:8.81,0.03:5000,0.02:7556.4,0.01:45328.58
1786858470.112,sol-updown-15m-1786876200,ask,0.51:85.53,0.52:5,0.53:547.84,0.54:20,0.56:10,0.57:10,0.58:16,0.59:24,0.6:28,0.61:72,0.62:36,0.64:40,0.66:50,0.7:80,0.71:40,0.74:120,0.79:160,0.81:40,0.9:6.92,0.91:40,0.96:7.18,0.97:5000,0.98:7556.62,0.99:45328.83
1786858470.291,sol-updown-4h-1786852800,bid,0.18:200,0.17:126,0.12:11,0.05:27.96,0.04:25,0.03:39.54,0.02:79.35,0.01:2033.87
1786858470.291,sol-updown-4h-1786852800,ask,0.19:56,0.21:348,0.22:6,0.23:6,0.24:6,0.25:6,0.26:6,0.27:6,0.28:6,0.29:6,0.3:6,0.31:6,0.32:6,0.33:6,0.34:6,0.35:6,0.36:6,0.37:6,0.38:6,0.39:156,0.4:6,0.41:6,0.42:6,0.43:6,0.44:6,0.45:6,0.46:6,0.47:6,0.48:6,0.49:16,0.5:6,0.51:6,0.52:6,0.53:6,0.54:6,0.55:6,0.56:6,0.57:6,0.58:6,0.59:6,0.6:6,0.61:6,0.62:6,0.63:6,0.64:6,0.65:6,0.66:6,0.67:6,0.68:6,0.69:6,0.7:6,0.71:6,0.72:6,0.73:6,0.74:6,0.75:6,0.76:6,0.77:6,0.78:6,0.79:6,0.8:6,0.81:6,0.82:6,0.83:6,0.9:2000,0.94:9.53,0.95:3920,0.96:25,0.97:33.33,0.98:69.91,0.99:16027
1786858470.642,btc-updown-5m-1786860300,bid,0.49:762.07,0.48:48,0.47:157.64,0.46:70,0.45:93,0.44:240,0.43:94,0.42:94,0.41:112,0.4:362,0.38:10,0.37:10,0.36:360,0.35:5,0.34:15,0.33:435,0.32:15,0.31:5,0.3:80,0.29:5,0.28:535,0.27:15,0.26:15,0.25:5,0.24:5,0.23:1035,0.22:15,0.21:15,0.2:41,0.19:18,0.18:41,0.17:11,0.16:22,0.15:2055,0.14:57,0.13:28,0.12:90,0.11:91,0.1:3067,0.09:45,0.08:56,0.07:88,0.06:158,0.05:6354.84,0.04:345,0.03:10503,0.02:15565.89,0.01:93520.3
1786858470.642,btc-updown-5m-1786860300,ask,0.5:30,0.51:1074.86,0.52:48,0.53:157.64,0.54:70,0.55:93,0.56:240,0.57:114,0.58:94,0.59:112,0.6:362,0.62:10,0.63:10,0.64:360,0.65:5,0.66:15,0.67:435,0.68:15,0.69:5,0.7:80,0.71:5,0.72:535,0.73:15,0.74:15,0.75:5,0.76:5,0.77:1035,0.78:15,0.79:15,0.8:41,0.81:18,0.82:41,0.83:11,0.84:22,0.85:2055,0.86:57,0.87:28,0.88:90,0.89:91,0.9:3067,0.91:45,0.92:56,0.93:88,0.94:128,0.95:6354.89,0.96:345,0.97:10503,0.98:15566,0.99:93447.73
1786858472.360,bitcoin-up-or-down-august-16-2026-1am-et,bid,0.18:64.45,0.17:119,0.16:176.53,0.15:365,0.14:76,0.13:196,0.12:220,0.11:328,0.1:252,0.09:237,0.08:150,0.07:150,0.06:210,0.05:50,0.04:50,0.03:208.33,0.02:206.56,0.01:1156.15
1786858472.360,bitcoin-up-or-down-august-16-2026-1am-et,ask,0.19:614,0.2:223,0.21:135,0.22:125,0.23:105,0.24:197,0.25:150,0.26:190,0.27:202,0.28:150,0.29:150,0.3:150,0.31:150,0.32:340,0.33:40,0.34:180,0.35:30,0.36:30,0.37:30,0.38:60,0.39:30,0.5:31.25,0.51:60,0.65:10,0.66:120,0.67:20,0.75:5.2,0.8:10,0.9:20,0.93:8.57,0.94:2333.33,0.95:3900,0.98:9.99,0.99:14425
1786858472.526,btc-updown-4h-1786852800,bid,0.23:361.49,0.22:476,0.21:26,0.2:11,0.19:150,0.18:6,0.17:612.24,0.14:44.71,0.13:11,0.11:300,0.1:10,0.08:50,0.07:179.65,0.06:166.6,0.05:227.37,0.04:275,0.03:375.59,0.02:117.16,0.01:7833.17
1786858472.526,btc-updown-4h-1786852800,ask,0.24:61,0.25:206,0.26:827.73,0.27:6,0.28:206,0.29:6,0.3:6,0.31:566,0.32:6,0.33:6,0.34:56,0.35:6,0.36:6,0.37:26,0.38:6,0.39:12,0.4:6,0.41:6,0.42:11,0.43:26,0.44:6,0.45:6,0.46:6,0.47:6,0.48:6,0.49:55.99,0.5:56,0.51:6,0.52:6,0.53:6,0.54:6,0.55:6,0.56:7,0.57:6,0.58:6,0.59:6,0.6:11,0.61:31.14,0.62:6,0.63:6,0.64:6,0.65:6,0.66:6,0.67:6,0.68:6,0.69:6,0.7:11,0.71:6,0.72:6,0.73:6,0.74:6,0.75:6,0.76:6,0.77:6,0.78:6,0.79:6,0.8:6,0.81:6,0.82:6,0.83:6,0.84:5,0.89:300,0.9:2015,0.94:7.41,0.95:20,0.96:4175,0.97:33.33,0.98:79.77,0.99:16677.25
1786858472.696,eth-updown-4h-1786852800,bid,0.24:11,0.23:308,0.22:26,0.21:17,0.2:6,0.19:6,0.18:156,0.17:6,0.11:90,0.06:10,0.05:57.85,0.04:25,0.03:40.34,0.02:69.26,0.01:7282.4
1786858472.696,eth-updown-4h-1786852800,ask,0.25:40,0.26:150,0.27:472,0.28:6,0.29:6,0.3:17,0.31:6,0.32:6,0.33:6,0.34:11,0.35:6,0.36:406,0.37:16,0.38:6,0.39:6,0.4:6,0.41:6,0.42:6,0.43:46,0.44:6,0.45:6,0.46:6,0.47:7,0.48:55.99,0.49:6,0.5:6,0.51:6,0.52:6,0.53:6,0.54:6,0.55:6,0.56:6,0.57:6,0.58:6,0.59:6,0.6:6,0.61:6,0.62:6,0.63:6,0.64:6,0.65:6,0.66:6,0.67:6,0.68:6,0.69:6,0.7:6,0.71:6,0.72:6,0.73:6,0.74:6,0.75:6,0.76:6,0.77:6,0.78:6,0.79:6,0.8:6,0.81:6,0.82:6,0.83:6,0.9:2172,0.94:8.92,0.95:20,0.96:25,0.97:33.33,0.98:6075.24,0.99:17177.25
1786858472.865,ethereum-up-or-down-august-16-2026-1am-et,bid,0.25:68.66,0.24:239,0.23:78,0.2:120,0.19:320,0.18:120,0.17:120,0.16:120,0.15:126,0.14:120,0.13:120,0.12:120,0.04:8.6,0.03:21.53,0.02:75,0.01:14320.98
1786858472.865,ethereum-up-or-down-august-16-2026-1am-et,ask,0.26:20,0.27:30,0.28:304,0.29:195,0.31:120,0.32:120,0.33:140,0.34:120,0.35:120,0.36:120,0.37:120,0.38:120,0.39:320,0.41:10,0.42:10,0.43:10,0.5:6,0.65:10,0.75:80,0.87:60,0.88:12.43,0.93:7.94,0.94:2333.33,0.98:6034.63,0.99:14315.15
1786858473.034,sol-updown-15m-1786876200,bid,0.5:1,0.49:375,0.48:20,0.47:259.22,0.44:20,0.43:20,0.42:24,0.41:70,0.4:30,0.39:32,0.38:40,0.36:44,0.34:50,0.31:40,0.3:80,0.26:120,0.21:200,0.12:5.28,0.11:40,0.04:8.81,0.03:5000,0.02:7556.4,0.01:45328.58
1786858473.034,sol-updown-15m-1786876200,ask,0.51:85.53,0.52:5,0.53:547.84,0.54:20,0.56:10,0.57:10,0.58:16,0.59:24,0.6:28,0.61:72,0.62:36,0.64:40,0.66:50,0.7:80,0.71:40,0.74:120,0.79:160,0.81:40,0.9:6.92,0.91:40,0.96:7.18,0.97:5000,0.98:7556.62,0.99:45328.83
1786858473.210,sol-updown-4h-1786852800,bid,0.18:200,0.17:126,0.12:11,0.05:27.96,0.04:25,0.03:39.54,0.02:79.35,0.01:2033.87
1786858473.210,sol-updown-4h-1786852800,ask,0.19:56,0.21:348,0.22:6,0.23:6,0.24:6,0.25:6,0.26:6,0.27:6,0.28:6,0.29:6,0.3:6,0.31:6,0.32:6,0.33:6,0.34:6,0.35:6,0.36:6,0.37:6,0.38:6,0.39:6,0.4:156,0.41:6,0.42:6,0.43:6,0.44:6,0.45:6,0.46:6,0.47:6,0.48:6,0.49:16,0.5:6,0.51:6,0.52:6,0.53:6,0.54:6,0.55:6,0.56:6,0.57:6,0.58:6,0.59:6,0.6:6,0.61:6,0.62:6,0.63:6,0.64:6,0.65:6,0.66:6,0.67:6,0.68:6,0.69:6,0.7:6,0.71:6,0.72:6,0.73:6,0.74:6,0.75:6,0.76:6,0.77:6,0.78:6,0.79:6,0.8:6,0.81:6,0.82:6,0.83:6,0.9:2000,0.94:9.53,0.95:3920,0.96:25,0.97:33.33,0.98:69.91,0.99:16027
1786858473.552,btc-updown-5m-1786860300,bid,0.49:762.07,0.48:48,0.47:157.64,0.46:70,0.45:93,0.44:240,0.43:94,0.42:94,0.41:112,0.4:362,0.38:10,0.37:10,0.36:360,0.35:5,0.34:15,0.33:435,0.32:15,0.31:5,0.3:80,0.29:5,0.28:535,0.27:15,0.26:15,0.25:5,0.24:5,0.23:1035,0.22:15,0.21:15,0.2:41,0.19:18,0.18:41,0.17:11,0.16:22,0.15:2055,0.14:57,0.13:28,0.12:90,0.11:91,0.1:3067,0.09:45,0.08:56,0.07:88,0.06:158,0.05:6354.84,0.04:345,0.03:10503,0.02:15565.89,0.01:93520.3
1786858473.552,btc-updown-5m-1786860300,ask,0.5:30,0.51:1074.86,0.52:48,0.53:157.64,0.54:70,0.55:93,0.56:240,0.57:114,0.58:94,0.59:112,0.6:362,0.62:10,0.63:10,0.64:360,0.65:5,0.66:15,0.67:435,0.68:15,0.69:5,0.7:80,0.71:5,0.72:535,0.73:15,0.74:15,0.75:5,0.76:5,0.77:1035,0.78:15,0.79:15,0.8:41,0.81:18,0.82:41,0.83:11,0.84:22,0.85:2055,0.86:57,0.87:28,0.88:90,0.89:91,0.9:3067,0.91:45,0.92:56,0.93:88,0.94:128,0.95:6354.89,0.96:345,0.97:10503,0.98:15566,0.99:93447.73
1786858475.387,bitcoin-up-or-down-august-16-2026-1am-et,bid,0.18:49.45,0.17:96,0.16:124.53,0.15:365,0.14:76,0.13:324,0.12:250,0.11:328,0.1:252,0.09:237,0.08:150,0.07:150,0.06:210,0.05:50,0.04:50,0.03:208.33,0.02:206.56,0.01:1156.15
1786858475.387,bitcoin-up-or-down-august-16-2026-1am-et,ask,0.19:614,0.2:215,0.21:135,0.22:125,0.23:77,0.24:197,0.25:150,0.26:190,0.27:202,0.28:150,0.29:150,0.3:150,0.31:150,0.32:340,0.33:40,0.34:180,0.35:30,0.36:30,0.37:30,0.38:60,0.39:30,0.5:31.25,0.51:60,0.65:130,0.67:20,0.75:5.2,0.8:10,0.9:20,0.93:8.57,0.94:2333.33,0.95:3900,0.98:9.99,0.99:14425
1786858475.565,btc-updown-4h-1786852800,bid,0.23:361.49,0.22:476,0.21:26,0.2:11,0.19:150,0.18:6,0.17:612.24,0.14:44.71,0.13:11,0.11:300,0.1:10,0.08:50,0.07:179.65,0.06:166.6,0.05:227.37,0.04:275,0.03:375.59,0.02:117.16,0.01:7833.17
1786858475.565,btc-updown-4h-1786852800,ask,0.24:61,0.25:206,0.26:827.73,0.27:6,0.28:206,0.29:6,0.3:6,0.31:566,0.32:6,0.33:6,0.34:56,0.35:6,0.36:6,0.37:26,0.38:6,0.39:12,0.4:6,0.41:6,0.42:11,0.43:26,0.44:6,0.45:6,0.46:6,0.47:6,0.48:6,0.49:55.99,0.5:56,0.51:6,0.52:6,0.53:6,0.54:6,0.55:6,0.56:7,0.57:6,0.58:6,0.59:6,0.6:11,0.61:31.14,0.62:6,0.63:6,0.64:6,0.65:6,0.66:6,0.67:6,0.68:6,0.69:6,0.7:11,0.71:6,0.72:6,0.73:6,0.74:6,0.75:6,0.76:6,0.77:6,0.78:6,0.79:6,0.8:6,0.81:6,0.82:6,0.83:6,0.84:5,0.89:300,0.9:2015,0.94:7.41,0.95:20,0.96:4175,0.97:33.33,0.98:79.77,0.99:16677.25
1786858475.754,eth-updown-4h-1786852800,bid,0.24:11,0.23:6,0.22:26,0.21:17,0.2:6,0.19:46,0.18:408,0.17:6,0.11:90,0.05:27.85,0.04:225,0.03:40.34,0.02:69.26,0.01:5282.4
1786858475.754,eth-updown-4h-1786852800,ask,0.25:40,0.26:150,0.27:220,0.28:6,0.29:6,0.3:17,0.31:6,0.32:6,0.33:6,0.34:11,0.35:6,0.36:406,0.37:16,0.38:6,0.39:6,0.4:6,0.41:6,0.42:6,0.43:46,0.44:6,0.45:6,0.46:6,0.47:7,0.48:55.99,0.49:6,0.5:6,0.51:6,0.52:6,0.53:6,0.54:6,0.55:6,0.56:6,0.57:6,0.58:6,0.59:6,0.6:6,0.61:6,0.62:6,0.63:6,0.64:6,0.65:6,0.66:6,0.67:6,0.68:6,0.69:6,0.7:6,0.71:6,0.72:6,0.73:6,0.74:6,0.75:6,0.76:6,0.77:6,0.78:6,0.79:6,0.8:6,0.81:6,0.82:6,0.83:6,0.9:2172,0.94:8.92,0.95:20,0.96:25,0.97:33.33,0.98:6075.24,0.99:17177.25
1786858475.928,ethereum-up-or-down-august-16-2026-1am-et,bid,0.25:68.66,0.24:50,0.23:267,0.21:50,0.2:120,0.19:270,0.18:120,0.17:120,0.16:120,0.15:126,0.14:120,0.13:140,0.12:120,0.11:20,0.1:20,0.06:20,0.04:8.6,0.03:21.53,0.02:75,0.01:14320.98
1786858475.928,ethereum-up-or-down-august-16-2026-1am-et,ask,0.26:20,0.27:30,0.28:115,0.29:195,0.31:120,0.32:120,0.33:140,0.34:120,0.35:120,0.36:120,0.37:120,0.38:120,0.39:320,0.41:10,0.42:10,0.43:10,0.5:6,0.65:10,0.75:80,0.87:60,0.88:12.43,0.93:7.94,0.94:2333.33,0.98:6034.63,0.99:14315.15
1786858476.093,sol-updown-15m-1786876200,bid,0.5:1,0.49:375,0.48:20,0.47:259.22,0.44:20,0.43:20,0.42:24,0.41:70,0.4:30,0.39:32,0.38:40,0.36:44,0.34:50,0.31:40,0.3:80,0.26:120,0.21:200,0.12:5.28,0.11:40,0.04:8.81,0.03:5000,0.02:7556.4,0.01:45328.58
1786858476.093,sol-updown-15m-1786876200,ask,0.51:85.53,0.52:5,0.53:547.84,0.54:20,0.56:10,0.57:10,0.58:16,0.59:24,0.6:28,0.61:72,0.62:36,0.64:40,0.66:50,0.7:80,0.71:40,0.74:120,0.79:160,0.81:40,0.9:6.92,0.91:40,0.96:7.18,0.97:5000,0.98:7556.62,0.99:45328.83
1786858476.265,sol-updown-4h-1786852800,bid,0.18:200,0.17:126,0.05:27.96,0.04:25,0.03:39.54,0.02:79.35,0.01:2033.87
1786858476.265,sol-updown-4h-1786852800,ask,0.19:56,0.21:337,0.22:6,0.23:6,0.24:6,0.25:6,0.26:6,0.27:6,0.28:6,0.29:6,0.3:6,0.31:6,0.32:6,0.33:6,0.34:6,0.35:6,0.36:6,0.37:6,0.38:6,0.39:6,0.4:156,0.41:6,0.42:6,0.43:6,0.44:6,0.45:6,0.46:6,0.47:6,0.48:6,0.49:16,0.5:6,0.51:6,0.52:6,0.53:6,0.54:6,0.55:6,0.56:6,0.57:6,0.58:6,0.59:6,0.6:6,0.61:6,0.62:6,0.63:6,0.64:6,0.65:6,0.66:6,0.67:6,0.68:6,0.69:6,0.7:6,0.71:6,0.72:6,0.73:6,0.74:6,0.75:6,0.76:6,0.77:6,0.78:6,0.79:6,0.8:6,0.81:6,0.82:6,0.83:6,0.9:2000,0.94:9.53,0.95:3920,0.96:25,0.97:33.33,0.98:69.91,0.99:16027
1786858476.610,btc-updown-5m-1786860300,bid,0.49:762.07,0.48:48,0.47:157.64,0.46:70,0.45:93,0.44:240,0.43:94,0.42:94,0.41:112,0.4:362,0.38:10,0.37:10,0.36:360,0.35:5,0.34:15,0.33:435,0.32:15,0.31:5,0.3:80,0.29:5,0.28:535,0.27:15,0.26:15,0.25:5,0.24:5,0.23:1035,0.22:15,0.21:15,0.2:41,0.19:18,0.18:41,0.17:11,0.16:22,0.15:2055,0.14:57,0.13:28,0.12:90,0.11:91,0.1:3067,0.09:45,0.08:56,0.07:88,0.06:158,0.05:6354.84,0.04:345,0.03:10503,0.02:15565.89,0.01:93520.3
1786858476.610,btc-updown-5m-1786860300,ask,0.5:30,0.51:1074.86,0.52:48,0.53:157.64,0.54:70,0.55:93,0.56:240,0.57:114,0.58:94,0.59:112,0.6:362,0.62:10,0.63:10,0.64:360,0.65:5,0.66:15,0.67:435,0.68:15,0.69:5,0.7:80,0.71:5,0.72:535,0.73:15,0.74:15,0.75:5,0.76:5,0.77:1035,0.78:15,0.79:15,0.8:41,0.81:18,0.82:41,0.83:11,0.84:22,0.85:2055,0.86:57,0.87:28,0.88:90,0.89:91,0.9:3067,0.91:45,0.92:56,0.93:88,0.94:128,0.95:6354.89,0.96:345,0.97:10503,0.98:15566,0.99:93447.73
1786858478.359,bitcoin-up-or-down-august-16-2026-1am-et,bid,0.18:49.45,0.17:119,0.16:101.53,0.15:365,0.14:76,0.13:324,0.12:250,0.11:328,0.1:252,0.09:237,0.08:150,0.07:150,0.06:210,0.05:50,0.04:50,0.03:208.33,0.02:206.56,0.01:1156.15
1786858478.359,bitcoin-up-or-down-august-16-2026-1am-et,ask,0.19:622,0.2:215,0.21:105,0.22:125,0.23:77,0.24:197,0.25:150,0.26:190,0.27:202,0.28:150,0.29:150,0.3:150,0.31:150,0.32:340,0.33:40,0.34:180,0.35:30,0.36:30,0.37:30,0.38:60,0.39:30,0.5:31.25,0.51:60,0.64:120,0.65:10,0.67:20,0.75:5.2,0.8:10,0.9:20,0.93:8.57,0.94:2333.33,0.95:3900,0.98:9.99,0.99:14425
1786858478.535,btc-updown-4h-1786852800,bid,0.23:361.49,0.22:476,0.21:26,0.2:11,0.19:150,0.18:6,0.17:612.24,0.14:44.71,0.13:11,0.11:300,0.1:10,0.08:50,0.07:179.65,0.06:166.6,0.05:227.37,0.04:275,0.03:375.59,0.02:117.16,0.01:7833.17
1786858478.535,btc-updown-4h-1786852800,ask,0.24:61,0.25:206,0.26:827.73,0.27:6,0.28:206,0.29:6,0.3:6,0.31:566,0.32:6,0.33:6,0.34:56,0.35:6,0.36:6,0.37:26,0.38:6,0.39:12,0.4:6,0.41:6,0.42:11,0.43:26,0.44:6,0.45:6,0.46:6,0.47:6,0.48:6,0.49:55.99,0.5:56,0.51:6,0.52:6,0.53:6,0.54:6,0.55:6,0.56:7,0.57:6,0.58:6,0.59:6,0.6:11,0.61:31.14,0.62:6,0.63:6,0.64:6,0.65:6,0.66:6,0.67:6,0.68:6,0.69:6,0.7:11,0.71:6,0.72:6,0.73:6,0.74:6,0.75:6,0.76:6,0.77:6,0.78:6,0.79:6,0.8:6,0.81:6,0.82:6,0.83:6,0.84:5,0.89:300,0.9:2015,0.94:7.41,0.95:20,0.96:4175,0.97:33.33,0.98:79.77,0.99:16677.25
1786858478.716,eth-updown-4h-1786852800,bid,0.24:11,0.23:6,0.22:26,0.21:17,0.2:258,0.19:6,0.18:156,0.17:6,0.11:90,0.06:10,0.05:57.85,0.04:225,0.03:40.34,0.02:69.26,0.01:3282.4
1786858478.716,eth-updown-4h-1786852800,ask,0.25:40,0.26:150,0.27:220,0.28:6,0.29:6,0.3:17,0.31:6,0.32:6,0.33:6,0.34:11,0.35:6,0.36:406,0.37:16,0.38:6,0.39:6,0.4:6,0.41:6,0.42:6,0.43:46,0.44:6,0.45:6,0.46:6,0.47:7,0.48:55.99,0.49:6,0.5:6,0.51:6,0.52:6,0.53:6,0.54:6,0.55:6,0.56:6,0.57:6,0.58:6,0.59:6,0.6:6,0.61:6,0.62:6,0.63:6,0.64:6,0.65:6,0.66:6,0.67:6,0.68:6,0.69:6,0.7:6,0.71:6,0.72:6,0.73:6,0.74:6,0.75:6,0.76:6,0.77:6,0.78:6,0.79:6,0.8:6,0.81:6,0.82:6,0.83:6,0.9:2172,0.94:8.92,0.95:20,0.96:25,0.97:33.33,0.98:6075.24,0.99:17177.25
1786858478.884,ethereum-up-or-down-august-16-2026-1am-et,bid,0.25:68.66,0.24:50,0.23:267,0.21:50,0.2:120,0.19:120,0.18:270,0.17:120,0.16:120,0.15:126,0.14:120,0.13:140,0.12:120,0.11:20,0.1:20,0.06:20,0.04:8.6,0.03:21.53,0.02:75,0.01:14320.98
1786858478.884,ethereum-up-or-down-august-16-2026-1am-et,ask,0.26:20,0.27:30,0.28:454,0.29:45,0.31:120,0.32:120,0.33:140,0.34:120,0.35:120,0.36:120,0.37:120,0.38:120,0.39:320,0.41:10,0.42:10,0.43:10,0.5:6,0.65:10,0.75:80,0.87:60,0.88:12.43,0.93:7.94,0.94:2333.33,0.98:6034.63,0.99:14315.15
1786858479.085,sol-updown-15m-1786876200,bid,0.5:1,0.49:375,0.48:20,0.47:259.22,0.44:20,0.43:20,0.42:24,0.41:70,0.4:30,0.39:32,0.38:40,0.36:44,0.34:50,0.31:40,0.3:80,0.26:120,0.21:200,0.12:5.28,0.11:40,0.04:8.81,0.03:5000,0.02:7556.4,0.01:45328.58
1786858479.085,sol-updown-15m-1786876200,ask,0.51:85.53,0.52:5,0.53:547.84,0.54:20,0.56:10,0.57:10,0.58:16,0.59:24,0.6:28,0.61:72,0.62:36,0.64:40,0.66:50,0.7:80,0.71:40,0.74:120,0.79:160,0.81:40,0.9:6.92,0.91:40,0.96:7.18,0.97:5000,0.98:7556.62,0.99:45328.83
1786858479.260,sol-updown-4h-1786852800,bid,0.18:200,0.17:126,0.12:11,0.05:27.96,0.04:25,0.03:39.54,0.02:79.35,0.01:2033.87
1786858479.260,sol-updown-4h-1786852800,ask,0.19:56,0.21:348,0.22:6,0.23:6,0.24:6,0.25:6,0.26:6,0.27:6,0.28:6,0.29:6,0.3:6,0.31:6,0.32:6,0.33:6,0.34:6,0.35:6,0.36:6,0.37:6,0.38:6,0.39:6,0.4:156,0.41:6,0.42:6,0.43:6,0.44:6,0.45:6,0.46:6,0.47:6,0.48:6,0.49:16,0.5:6,0.51:6,0.52:6,0.53:6,0.54:6,0.55:6,0.56:6,0.57:6,0.58:6,0.59:6,0.6:6,0.61:6,0.62:6,0.63:6,0.64:6,0.65:6,0.66:6,0.67:6,0.68:6,0.69:6,0.7:6,0.71:6,0.72:6,0.73:6,0.74:6,0.75:6,0.76:6,0.77:6,0.78:6,0.79:6,0.8:6,0.81:6,0.82:6,0.83:6,0.9:2000,0.94:9.53,0.95:3920,0.96:25,0.97:33.33,0.98:69.91,0.99:16027
1786858479.595,btc-updown-5m-1786860300,bid,0.49:762.07,0.48:48,0.47:157.64,0.46:70,0.45:93,0.44:240,0.43:94,0.42:94,0.41:112,0.4:362,0.38:10,0.37:10,0.36:360,0.35:5,0.34:15,0.33:435,0.32:15,0.31:5,0.3:80,0.29:5,0.28:535,0.27:15,0.26:15,0.25:5,0.24:5,0.23:1035,0.22:15,0.21:15,0.2:41,0.19:18,0.18:41,0.17:11,0.16:22,0.15:2055,0.14:57,0.13:28,0.12:90,0.11:91,0.1:3067,0.09:45,0.08:56,0.07:88,0.06:158,0.05:6354.84,0.04:345,0.03:10503,0.02:15565.89,0.01:93520.3
1786858479.595,btc-updown-5m-1786860300,ask,0.5:30,0.51:1074.86,0.52:48,0.53:157.64,0.54:70,0.55:93,0.56:240,0.57:114,0.58:94,0.59:112,0.6:362,0.62:10,0.63:10,0.64:360,0.65:5,0.66:15,0.67:435,0.68:15,0.69:5,0.7:80,0.71:5,0.72:535,0.73:15,0.74:15,0.75:5,0.76:5,0.77:1035,0.78:15,0.79:15,0.8:41,0.81:18,0.82:41,0.83:11,0.84:22,0.85:2055,0.86:57,0.87:28,0.88:90,0.89:91,0.9:3067,0.91:45,0.92:56,0.93:88,0.94:128,0.95:6354.89,0.96:345,0.97:10503,0.98:15566,0.99:93447.73
1786858481.352,bitcoin-up-or-down-august-16-2026-1am-et,bid,0.18:49.45,0.17:119,0.16:101.53,0.15:100,0.14:391,0.13:324,0.12:250,0.11:328,0.1:252,0.09:237,0.08:150,0.07:150,0.06:210,0.05:50,0.04:30,0.03:208.33,0.02:206.56,0.01:1126.15
1786858481.352,bitcoin-up-or-down-august-16-2026-1am-et,ask,0.19:606,0.2:231,0.21:135,0.22:125,0.23:77,0.24:197,0.25:150,0.26:190,0.27:202,0.28:150,0.29:150,0.3:150,0.31:150,0.32:340,0.33:40,0.34:180,0.35:30,0.36:30,0.37:30,0.38:60,0.39:30,0.5:31.25,0.51:60,0.63:120,0.65:10,0.67:20,0.75:5.2,0.8:10,0.9:20,0.93:8.57,0.94:2333.33,0.95:3900,0.98:9.99,0.99:14425
1786858481.521,btc-updown-4h-1786852800,bid,0.23:361.49,0.22:476,0.21:26,0.2:11,0.19:150,0.18:6,0.17:612.24,0.14:44.71,0.13:11,0.11:300,0.1:10,0.08:50,0.07:179.65,0.06:166.6,0.05:227.37,0.04:275,0.03:375.59,0.02:117.16,0.01:7833.17
1786858481.521,btc-updown-4h-1786852800,ask,0.24:61,0.25:206,0.26:827.73,0.27:6,0.28:206,0.29:6,0.3:6,0.31:566,0.32:6,0.33:6,0.34:56,0.35:6,0.36:6,0.37:26,0.38:6,0.39:12,0.4:6,0.41:6,0.42:11,0.43:26,0.44:6,0.45:6,0.46:6,0.47:6,0.48:6,0.49:55.99,0.5:56,0.51:6,0.52:6,0.53:6,0.54:6,0.55:6,0.56:7,0.57:6,0.58:6,0.59:6,0.6:11,0.61:31.14,0.62:6,0.63:6,0.64:6,0.65:6,0.66:6,0.67:6,0.68:6,0.69:6,0.7:11,0.71:6,0.72:6,0.73:6,0.74:6,0.75:6,0.76:6,0.77:6,0.78:6,0.79:6,0.8:6,0.81:6,0.82:6,0.83:6,0.84:5,0.89:300,0.9:2015,0.94:7.41,0.95:20,0.96:4175,0.97:33.33,0.98:79.77,0.99:16677.25
1786858481.687,eth-updown-4h-1786852800,bid,0.24:11,0.23:6,0.22:26,0.21:269,0.2:6,0.19:6,0.18:156,0.17:6,0.11:90,0.06:10,0.05:57.85,0.04:225,0.03:40.34,0.02:69.26,0.01:3282.4
1786858481.687,eth-updown-4h-1786852800,ask,0.25:40,0.26:150,0.27:220,0.28:6,0.29:6,0.3:17,0.31:6,0.32:6,0.33:6,0.34:11,0.35:6,0.36:406,0.37:16,0.38:6,0.39:6,0.4:6,0.41:6,0.42:6,0.43:46,0.44:6,0.45:6,0.46:6,0.47:7,0.48:55.99,0.49:6,0.5:6,0.51:6,0.52:6,0.53:6,0.54:6,0.55:6,0.56:6,0.57:6,0.58:6,0.59:6,0.6:6,0.61:6,0.62:6,0.63:6,0.64:6,0.65:6,0.66:6,0.67:6,0.68:6,0.69:6,0.7:6,0.71:6,0.72:6,0.73:6,0.74:6,0.75:6,0.76:6,0.77:6,0.78:6,0.79:6,0.8:6,0.81:6,0.82:6,0.83:6,0.9:2172,0.94:8.92,0.95:20,0.96:25,0.97:33.33,0.98:6075.24,0.99:17177.25
1786858481.854,ethereum-up-or-down-august-16-2026-1am-et,bid,0.25:68.66,0.24:50,0.23:267,0.21:50,0.2:120,0.19:120,0.18:270,0.17:120,0.16:120,0.15:126,0.14:120,0.13:120,0.12:140,0.11:20,0.09:20,0.05:20,0.04:8.6,0.03:21.53,0.02:75,0.01:14320.98
1786858481.854,ethereum-up-or-down-august-16-2026-1am-et,ask,0.26:20,0.27:219,0.28:265,0.29:45,0.31:120,0.32:120,0.33:140,0.34:120,0.35:120,0.36:120,0.37:120,0.38:120,0.39:320,0.41:10,0.42:10,0.43:10,0.5:6,0.65:10,0.75:80,0.87:60,0.88:12.43,0.93:7.94,0.94:2333.33,0.98:6034.63,0.99:14315.15
1786858482.027,sol-updown-15m-1786876200,bid,0.5:1,0.49:375,0.48:20,0.47:259.22,0.44:20,0.43:20,0.42:24,0.41:70,0.4:30,0.39:32,0.38:40,0.36:44,0.34:50,0.31:40,0.3:80,0.26:120,0.21:200,0.12:5.28,0.11:40,0.04:8.81,0.03:5000,0.02:7556.4,0.01:45328.58
1786858482.027,sol-updown-15m-1786876200,ask,0.51:85.53,0.52:5,0.53:547.84,0.54:20,0.56:10,0.57:10,0.58:16,0.59:24,0.6:28,0.61:72,0.62:36,0.64:40,0.66:50,0.7:80,0.71:40,0.74:120,0.79:160,0.81:40,0.9:6.92,0.91:40,0.96:7.18,0.97:5000,0.98:7556.62,0.99:45328.83
1786858482.204,sol-updown-4h-1786852800,bid,0.18:200,0.17:126,0.05:27.96,0.04:25,0.03:39.54,0.02:79.35,0.01:2033.87
1786858482.204,sol-updown-4h-1786852800,ask,0.19:56,0.21:337,0.22:6,0.23:6,0.24:6,0.25:6,0.26:6,0.27:6,0.28:6,0.29:6,0.3:6,0.31:6,0.32:6,0.33:6,0.34:6,0.35:6,0.36:6,0.37:6,0.38:6,0.39:6,0.4:156,0.41:6,0.42:6,0.43:6,0.44:6,0.45:6,0.46:6,0.47:6,0.48:6,0.49:16,0.5:6,0.51:6,0.52:6,0.53:6,0.54:6,0.55:6,0.56:6,0.57:6,0.58:6,0.59:6,0.6:6,0.61:6,0.62:6,0.63:6,0.64:6,0.65:6,0.66:6,0.67:6,0.68:6,0.69:6,0.7:6,0.71:6,0.72:6,0.73:6,0.74:6,0.75:6,0.76:6,0.77:6,0.78:6,0.79:6,0.8:6,0.81:6,0.82:6,0.83:6,0.9:2000,0.94:9.53,0.95:3920,0.96:25,0.97:33.33,0.98:69.91,0.99:16027
1786858482.657,btc-updown-5m-1786860300,bid,0.49:762.07,0.48:48,0.47:157.64,0.46:70,0.45:93,0.44:240,0.43:94,0.42:94,0.41:112,0.4:362,0.38:10,0.37:10,0.36:360,0.35:5,0.34:15,0.33:435,0.32:15,0.31:5,0.3:80,0.29:5,0.28:535,0.27:15,0.26:15,0.25:5,0.24:5,0.23:1035,0.22:15,0.21:15,0.2:41,0.19:18,0.18:41,0.17:11,0.16:22,0.15:2055,0.14:57,0.13:28,0.12:90,0.11:91,0.1:3067,0.09:45,0.08:56,0.07:88,0.06:158,0.05:6354.84,0.04:345,0.03:10503,0.02:15565.89,0.01:93520.3
1786858482.657,btc-updown-5m-1786860300,ask,0.5:30,0.51:1074.86,0.52:48,0.53:157.64,0.54:70,0.55:93,0.56:240,0.57:114,0.58:94,0.59:112,0.6:362,0.62:10,0.63:10,0.64:360,0.65:5,0.66:15,0.67:435,0.68:15,0.69:5,0.7:80,0.71:5,0.72:535,0.73:15,0.74:15,0.75:5,0.76:5,0.77:1035,0.78:15,0.79:15,0.8:41,0.81:18,0.82:41,0.83:11,0.84:22,0.85:2055,0.86:57,0.87:28,0.88:90,0.89:91,0.9:3067,0.91:45,0.92:56,0.93:88,0.94:128,0.95:6354.89,0.96:345,0.97:10503,0.98:15566,0.99:93447.73
1786858484.369,bitcoin-up-or-down-august-16-2026-1am-et,bid,0.18:49.45,0.17:119,0.16:101.53,0.15:100,0.14:519.5,0.13:196,0.12:250,0.11:328,0.1:252,0.09:237,0.08:150,0.07:150,0.06:210,0.05:50,0.03:208.33,0.02:206.56,0.01:1156.15
1786858484.369,bitcoin-up-or-down-august-16-2026-1am-et,ask,0.19:606,0.2:231,0.21:135,0.22:125,0.23:77,0.24:197,0.25:150,0.26:190,0.27:202,0.28:150,0.29:150,0.3:150,0.31:150,0.32:340,0.33:40,0.34:180,0.35:30,0.36:30,0.37:30,0.38:60,0.39:30,0.5:31.25,0.51:60,0.63:120,0.65:10,0.67:20,0.75:5.2,0.8:10,0.9:20,0.93:8.57,0.94:2333.33,0.95:3900,0.98:9.99,0.99:14425
1786858484.550,btc-updown-4h-1786852800,bid,0.23:361.49,0.22:476,0.21:26,0.2:11,0.19:150,0.18:6,0.17:612.24,0.14:44.71,0.13:11,0.11:300,0.1:10,0.08:50,0.07:179.65,0.06:166.6,0.05:227.37,0.04:275,0.03:375.59,0.02:117.16,0.01:7833.17
1786858484.550,btc-updown-4h-1786852800,ask,0.24:61,0.25:206,0.26:827.73,0.27:6,0.28:206,0.29:6,0.3:6,0.31:566,0.32:6,0.33:6,0.34:56,0.35:6,0.36:6,0.37:26,0.38:6,0.39:12,0.4:6,0.41:6,0.42:11,0.43:26,0.44:6,0.45:6,0.46:6,0.47:6,0.48:6,0.49:55.99,0.5:56,0.51:6,0.52:6,0.53:6,0.54:6,0.55:6,0.56:7,0.57:6,0.58:6,0.59:6,0.6:11,0.61:31.14,0.62:6,0.63:6,0.64:6,0.65:6,0.66:6,0.67:6,0.68:6,0.69:6,0.7:11,0.71:6,0.72:6,0.73:6,0.74:6,0.75:6,0.76:6,0.77:6,0.78:6,0.79:6,0.8:6,0.81:6,0.82:6,0.83:6,0.84:5,0.89:300,0.9:2015,0.94:7.41,0.95:20,0.96:4175,0.97:33.33,0.98:79.77,0.99:16677.25
1786858484.722,eth-updown-4h-1786852800,bid,0.24:11,0.23:6,0.22:278,0.21:17,0.2:6,0.19:6,0.18:156,0.17:6,0.11:90,0.06:10,0.05:57.85,0.04:225,0.03:40.34,0.02:69.26,0.01:3282.4
1786858484.722,eth-updown-4h-1786852800,ask,0.25:40,0.26:150,0.27:472,0.28:6,0.29:6,0.3:17,0.31:6,0.32:6,0.33:6,0.34:11,0.35:6,0.36:406,0.37:16,0.38:6,0.39:6,0.4:6,0.41:6,0.42:6,0.43:46,0.44:6,0.45:6,0.46:6,0.47:7,0.48:55.99,0.49:6,0.5:6,0.51:6,0.52:6,0.53:6,0.54:6,0.55:6,0.56:6,0.57:6,0.58:6,0.59:6,0.6:6,0.61:6,0.62:6,0.63:6,0.64:6,0.65:6,0.66:6,0.67:6,0.68:6,0.69:6,0.7:6,0.71:6,0.72:6,0.73:6,0.74:6,0.75:6,0.76:6,0.77:6,0.78:6,0.79:6,0.8:6,0.81:6,0.82:6,0.83:6,0.9:2172,0.94:8.92,0.95:20,0.96:25,0.97:33.33,0.98:6075.24,0.99:17177.25
1786858484.890,ethereum-up-or-down-august-16-2026-1am-et,bid,0.25:68.66,0.24:50,0.23:267,0.2:170,0.19:120,0.18:270,0.17:120,0.16:120,0.15:126,0.14:120,0.13:140,0.12:120,0.11:20,0.1:20,0.04:8.6,0.03:21.53,0.02:75,0.01:14320.98
1786858484.890,ethereum-up-or-down-august-16-2026-1am-et,ask,0.26:20,0.27:219,0.28:265,0.29:45,0.31:120,0.32:120,0.33:140,0.34:120,0.35:120,0.36:120,0.37:120,0.38:120,0.39:320,0.41:10,0.42:10,0.43:10,0.5:6,0.65:10,0.75:80,0.87:60,0.88:12.43,0.93:7.94,0.94:2333.33,0.98:6034.63,0.99:14315.15
1786858485.070,sol-updown-15m-1786876200,bid,0.5:1,0.49:375,0.48:20,0.47:259.22,0.44:20,0.43:20,0.42:24,0.41:70,0.4:30,0.39:32,0.38:40,0.36:44,0.34:50,0.31:40,0.3:80,0.26:120,0.21:200,0.12:5.28,0.11:40,0.04:8.81,0.03:5000,0.02:7556.4,0.01:45328.58
1786858485.070,sol-updown-15m-1786876200,ask,0.51:85.53,0.52:5,0.53:547.84,0.54:20,0.56:10,0.57:10,0.58:16,0.59:24,0.6:28,0.61:72,0.62:36,0.64:40,0.66:50,0.7:80,0.71:40,0.74:120,0.79:160,0.81:40,0.9:6.92,0.91:40,0.96:7.18,0.97:5000,0.98:7556.62,0.99:45328.83
1786858485.244,sol-updown-4h-1786852800,bid,0.18:200,0.17:126,0.05:27.96,0.04:25,0.03:39.54,0.02:79.35,0.01:2033.87
1786858485.244,sol-updown-4h-1786852800,ask,0.19:56,0.21:337,0.22:6,0.23:6,0.24:6,0.25:6,0.26:6,0.27:6,0.28:6,0.29:6,0.3:6,0.31:6,0.32:6,0.33:6,0.34:6,0.35:6,0.36:6,0.37:6,0.38:6,0.39:6,0.4:156,0.41:6,0.42:6,0.43:6,0.44:6,0.45:6,0.46:6,0.47:6,0.48:6,0.49:16,0.5:6,0.51:6,0.52:6,0.53:6,0.54:6,0.55:6,0.56:6,0.57:6,0.58:6,0.59:6,0.6:6,0.61:6,0.62:6,0.63:6,0.64:6,0.65:6,0.66:6,0.67:6,0.68:6,0.69:6,0.7:6,0.71:6,0.72:6,0.73:6,0.74:6,0.75:6,0.76:6,0.77:6,0.78:6,0.79:6,0.8:6,0.81:6,0.82:6,0.83:6,0.9:2000,0.94:9.53,0.95:3920,0.96:25,0.97:33.33,0.98:69.91,0.99:16027
1786858485.576,btc-updown-5m-1786860300,bid,0.49:762.07,0.48:48,0.47:157.64,0.46:70,0.45:93,0.44:240,0.43:94,0.42:94,0.41:112,0.4:362,0.38:10,0.37:10,0.36:360,0.35:5,0.34:15,0.33:435,0.32:15,0.31:5,0.3:80,0.29:5,0.28:535,0.27:15,0.26:15,0.25:5,0.24:5,0.23:1035,0.22:15,0.21:15,0.2:41,0.19:18,0.18:41,0.17:11,0.16:22,0.15:2055,0.14:57,0.13:28,0.12:90,0.11:91,0.1:3067,0.09:45,0.08:56,0.07:88,0.06:158,0.05:6354.84,0.04:345,0.03:10503,0.02:15565.89,0.01:93520.3
1786858485.576,btc-updown-5m-1786860300,ask,0.5:30,0.51:1074.86,0.52:48,0.53:157.64,0.54:70,0.55:93,0.56:240,0.57:114,0.58:94,0.59:112,0.6:362,0.62:10,0.63:10,0.64:360,0.65:5,0.66:15,0.67:435,0.68:15,0.69:5,0.7:80,0.71:5,0.72:535,0.73:15,0.74:15,0.75:5,0.76:5,0.77:1035,0.78:15,0.79:15,0.8:41,0.81:18,0.82:41,0.83:11,0.84:22,0.85:2055,0.86:57,0.87:28,0.88:90,0.89:91,0.9:3067,0.91:45,0.92:56,0.93:88,0.94:128,0.95:6354.89,0.96:345,0.97:10503,0.98:15566,0.99:93447.73
1786858487.367,bitcoin-up-or-down-august-16-2026-1am-et,bid,0.18:49.45,0.17:119,0.16:101.53,0.15:100,0.14:519.5,0.13:196,0.12:250,0.11:328,0.1:252,0.09:237,0.08:150,0.07:150,0.06:210,0.05:50,0.03:208.33,0.02:206.56,0.01:1156.15
1786858487.367,bitcoin-up-or-down-august-16-2026-1am-et,ask,0.19:606,0.2:231,0.21:105,0.22:125,0.23:77,0.24:197,0.25:150,0.26:190,0.27:202,0.28:150,0.29:150,0.3:150,0.31:150,0.32:340,0.33:40,0.34:180,0.35:30,0.36:30,0.37:30,0.38:60,0.39:30,0.5:31.25,0.51:60,0.63:120,0.65:10,0.67:20,0.75:5.2,0.8:10,0.9:20,0.93:8.57,0.94:2333.33,0.95:3900,0.98:9.99,0.99:14425
1786858487.543,btc-updown-4h-1786852800,bid,0.23:361.49,0.22:476,0.21:26,0.2:11,0.19:150,0.18:6,0.17:606,0.14:44.71,0.13:11,0.11:300,0.1:10,0.08:50,0.07:179.65,0.06:166.6,0.05:227.37,0.04:275,0.03:375.59,0.02:117.16,0.01:7833.17
1786858487.543,btc-updown-4h-1786852800,ask,0.24:61,0.25:206,0.26:827.73,0.27:6,0.28:206,0.29:6,0.3:6,0.31:566,0.32:6,0.33:6,0.34:56,0.35:6,0.36:6,0.37:26,0.38:6,0.39:12,0.4:6,0.41:6,0.42:11,0.43:26,0.44:6,0.45:6,0.46:6,0.47:6,0.48:6,0.49:55.99,0.5:56,0.51:6,0.52:6,0.53:6,0.54:6,0.55:6,0.56:7,0.57:6,0.58:6,0.59:6,0.6:11,0.61:31.14,0.62:6,0.63:6,0.64:6,0.65:6,0.66:6,0.67:6,0.68:6,0.69:6,0.7:11,0.71:6,0.72:6,0.73:6,0.74:6,0.75:6,0.76:6,0.77:6,0.78:6,0.79:6,0.8:6,0.81:6,0.82:6,0.83:6,0.84:5,0.89:300,0.9:2015,0.94:7.41,0.95:20,0.96:4175,0.97:33.33,0.98:79.77,0.99:16677.25
1786858487.722,eth-updown-4h-1786852800,bid,0.24:11,0.23:6,0.22:278,0.21:17,0.2:6,0.19:6,0.18:156,0.17:6,0.11:90,0.06:10,0.05:57.85,0.04:225,0.03:40.34,0.02:69.26,0.01:7282.4
1786858487.722,eth-updown-4h-1786852800,ask,0.25:40,0.26:150,0.27:472,0.28:6,0.29:6,0.3:17,0.31:6,0.32:6,0.33:6,0.34:11,0.35:6,0.36:406,0.37:16,0.38:6,0.39:6,0.4:6,0.41:6,0.42:6,0.43:46,0.44:6,0.45:6,0.46:6,0.47:7,0.48:55.99,0.49:6,0.5:6,0.51:6,0.52:6,0.53:6,0.54:6,0.55:6,0.56:6,0.57:6,0.58:6,0.59:6,0.6:6,0.61:6,0.62:6,0.63:6,0.64:6,0.65:6,0.66:6,0.67:6,0.68:6,0.69:6,0.7:6,0.71:6,0.72:6,0.73:6,0.74:6,0.75:6,0.76:6,0.77:6,0.78:6,0.79:6,0.8:6,0.81:6,0.82:6,0.83:6,0.9:2172,0.94:8.92,0.95:20,0.96:25,0.97:33.33,0.98:6075.24,0.99:17177.25
1786858487.909,ethereum-up-or-down-august-16-2026-1am-et,bid,0.25:63.66,0.24:55,0.23:267,0.2:120,0.19:170,0.18:270,0.17:120,0.16:120,0.15:126,0.14:120,0.13:120,0.12:140,0.11:20,0.09:20,0.05:20,0.04:8.6,0.03:21.53,0.02:75,0.01:14320.98
1786858487.909,ethereum-up-or-down-august-16-2026-1am-et,ask,0.26:20,0.27:219,0.28:265,0.29:45,0.31:120,0.32:120,0.33:140,0.34:120,0.35:120,0.36:120,0.37:120,0.38:120,0.39:320,0.41:10,0.42:10,0.43:10,0.5:6,0.65:10,0.75:80,0.87:60,0.88:12.43,0.93:7.94,0.94:2333.33,0.98:6034.63,0.99:14315.15
1786858488.091,sol-updown-15m-1786876200,bid,0.5:1,0.49:375,0.48:20,0.47:259.22,0.44:20,0.43:20,0.42:24,0.41:70,0.4:30,0.39:32,0.38:40,0.36:44,0.34:50,0.31:40,0.3:80,0.26:120,0.21:200,0.12:5.28,0.11:40,0.04:8.81,0.03:5000,0.02:7556.4,0.01:45328.58
1786858488.091,sol-updown-15m-1786876200,ask,0.51:85.53,0.52:5,0.53:547.84,0.54:20,0.56:10,0.57:10,0.58:16,0.59:24,0.6:28,0.61:72,0.62:36,0.64:40,0.66:50,0.7:80,0.71:40,0.74:120,0.79:160,0.81:40,0.9:6.92,0.91:40,0.96:7.18,0.97:5000,0.98:7556.62,0.99:45328.83
1786858488.268,sol-updown-4h-1786852800,bid,0.18:326,0.13:11,0.05:27.96,0.04:25,0.03:39.54,0.02:79.35,0.01:2033.87
1786858488.268,sol-updown-4h-1786852800,ask,0.19:56,0.21:337,0.22:17,0.23:6,0.24:6,0.25:6,0.26:6,0.27:6,0.28:6,0.29:6,0.3:6,0.31:6,0.32:6,0.33:6,0.34:6,0.35:6,0.36:6,0.37:6,0.38:6,0.39:6,0.4:156,0.41:6,0.42:6,0.43:6,0.44:6,0.45:6,0.46:6,0.47:6,0.48:6,0.49:6,0.5:16,0.51:6,0.52:6,0.53:6,0.54:6,0.55:6,0.56:6,0.57:6,0.58:6,0.59:6,0.6:6,0.61:6,0.62:6,0.63:6,0.64:6,0.65:6,0.66:6,0.67:6,0.68:6,0.69:6,0.7:6,0.71:6,0.72:6,0.73:6,0.74:6,0.75:6,0.76:6,0.77:6,0.78:6,0.79:6,0.8:6,0.81:6,0.82:6,0.83:6,0.9:2000,0.94:9.53,0.95:3920,0.96:25,0.97:33.33,0.98:69.91,0.99:16027
1786858488.673,btc-updown-5m-1786860300,bid,0.49:762.07,0.48:48,0.47:157.64,0.46:70,0.45:93,0.44:240,0.43:94,0.42:94,0.41:112,0.4:362,0.38:10,0.37:10,0.36:360,0.35:5,0.34:15,0.33:435,0.32:15,0.31:5,0.3:80,0.29:5,0.28:535,0.27:15,0.26:15,0.25:5,0.24:5,0.23:1035,0.22:15,0.21:15,0.2:41,0.19:18,0.18:41,0.17:11,0.16:22,0.15:2055,0.14:57,0.13:28,0.12:90,0.11:91,0.1:3067,0.09:45,0.08:56,0.07:88,0.06:158,0.05:6354.84,0.04:345,0.03:10503,0.02:15565.89,0.01:93520.3
1786858488.673,btc-updown-5m-1786860300,ask,0.5:30,0.51:1074.86,0.52:48,0.53:157.64,0.54:70,0.55:93,0.56:240,0.57:114,0.58:94,0.59:112,0.6:362,0.62:10,0.63:10,0.64:360,0.65:5,0.66:15,0.67:435,0.68:15,0.69:5,0.7:80,0.71:5,0.72:535,0.73:15,0.74:15,0.75:5,0.76:5,0.77:1035,0.78:15,0.79:15,0.8:41,0.81:18,0.82:41,0.83:11,0.84:22,0.85:2055,0.86:57,0.87:28,0.88:90,0.89:91,0.9:3067,0.91:45,0.92:56,0.93:88,0.94:128,0.95:6354.89,0.96:345,0.97:10503,0.98:15566,0.99:93447.73
1786858490.362,bitcoin-up-or-down-august-16-2026-1am-et,bid,0.18:49.45,0.17:119,0.16:101.53,0.15:100,0.14:519.5,0.13:196,0.12:250,0.11:328,0.1:252,0.09:237,0.08:150,0.07:150,0.06:210,0.05:50,0.03:208.33,0.02:206.56,0.01:1126.15
1786858490.362,bitcoin-up-or-down-august-16-2026-1am-et,ask,0.19:606,0.2:231,0.21:105,0.22:125,0.23:77,0.24:197,0.25:150,0.26:190,0.27:202,0.28:150,0.29:150,0.3:150,0.31:150,0.32:340,0.33:40,0.34:180,0.35:30,0.36:30,0.37:30,0.38:60,0.39:30,0.5:31.25,0.51:60,0.63:120,0.65:10,0.67:20,0.75:5.2,0.8:10,0.9:20,0.93:8.57,0.94:2333.33,0.95:3900,0.98:9.99,0.99:14425
1786858490.538,btc-updown-4h-1786852800,bid,0.23:361.49,0.22:476,0.21:26,0.2:11,0.19:150,0.18:12.24,0.17:606,0.14:44.71,0.13:11,0.11:300,0.1:10,0.08:50,0.07:179.65,0.06:166.6,0.05:227.37,0.04:275,0.03:375.59,0.02:117.16,0.01:7833.17
1786858490.538,btc-updown-4h-1786852800,ask,0.24:61,0.25:256,0.26:827.73,0.27:6,0.28:206,0.29:6,0.3:6,0.31:566,0.32:6,0.33:6,0.34:56,0.35:6,0.36:6,0.37:26,0.38:6,0.39:12,0.4:6,0.41:6,0.42:11,0.43:26,0.44:6,0.45:6,0.46:6,0.47:6,0.48:6,0.49:55.99,0.5:56,0.51:6,0.52:6,0.53:6,0.54:6,0.55:6,0.56:7,0.57:6,0.58:6,0.59:6,0.6:11,0.61:31.14,0.62:6,0.63:6,0.64:6,0.65:6,0.66:6,0.67:6,0.68:6,0.69:6,0.7:11,0.71:6,0.72:6,0.73:6,0.74:6,0.75:6,0.76:6,0.77:6,0.78:6,0.79:6,0.8:6,0.81:6,0.82:6,0.83:6,0.84:5,0.89:300,0.9:2015,0.94:7.41,0.95:20,0.96:4175,0.97:33.33,0.98:79.77,0.99:16677.25
1786858490.725,eth-updown-4h-1786852800,bid,0.24:11,0.23:6,0.22:278,0.21:6,0.2:6,0.19:6,0.18:156,0.17:6,0.11:50,0.1:40,0.06:10,0.05:57.85,0.04:225,0.03:40.34,0.02:69.26,0.01:7282.4
1786858490.725,eth-updown-4h-1786852800,ask,0.25:40,0.26:402,0.27:220,0.28:6,0.29:6,0.3:6,0.31:6,0.32:6,0.33:6,0.34:11,0.35:6,0.36:406,0.37:16,0.38:6,0.39:6,0.4:6,0.41:6,0.42:6,0.43:46,0.44:6,0.45:6,0.46:6,0.47:7,0.48:55.99,0.49:6,0.5:6,0.51:6,0.52:6,0.53:6,0.54:6,0.55:6,0.56:6,0.57:6,0.58:6,0.59:6,0.6:6,0.61:6,0.62:6,0.63:6,0.64:6,0.65:6,0.66:6,0.67:6,0.68:6,0.69:6,0.7:6,0.71:6,0.72:6,0.73:6,0.74:6,0.75:6,0.76:6,0.77:6,0.78:6,0.79:6,0.8:6,0.81:6,0.82:6,0.83:6,0.9:2172,0.94:8.92,0.95:20,0.96:25,0.97:33.33,0.98:6075.24,0.99:17177.25
1786858490.895,ethereum-up-or-down-august-16-2026-1am-et,bid,0.25:63.66,0.24:55,0.23:267,0.2:170,0.19:120,0.18:170,0.17:120,0.16:120,0.15:126,0.14:120,0.13:120,0.12:140,0.09:20,0.05:20,0.04:8.6,0.03:21.53,0.02:75,0.01:14320.98
1786858490.895,ethereum-up-or-down-august-16-2026-1am-et,ask,0.26:20,0.27:269,0.28:115,0.29:45,0.3:20,0.31:120,0.32:120,0.33:120,0.34:120,0.35:120,0.36:120,0.37:120,0.38:120,0.39:320,0.41:10,0.42:10,0.43:10,0.5:6,0.65:10,0.74:60,0.75:80,0.88:12.43,0.93:7.94,0.94:2333.33,0.98:6034.63,0.99:14315.15
1786858491.070,sol-updown-15m-1786876200,bid,0.5:1,0.49:375,0.48:20,0.47:259.22,0.44:20,0.43:20,0.42:24,0.41:70,0.4:30,0.39:32,0.38:40,0.36:44,0.34:50,0.31:40,0.3:80,0.26:120,0.21:200,0.12:5.28,0.11:40,0.04:8.81,0.03:5000,0.02:7556.4,0.01:45328.58
1786858491.070,sol-updown-15m-1786876200,ask,0.51:85.53,0.52:5,0.53:547.84,0.54:20,0.56:10,0.57:10,0.58:16,0.59:24,0.6:28,0.61:72,0.62:36,0.64:40,0.66:50,0.7:80,0.71:40,0.74:120,0.79:160,0.81:40,0.9:6.92,0.91:40,0.96:7.18,0.97:5000,0.98:7556.62,0.99:45328.83
1786858491.253,sol-updown-4h-1786852800,bid,0.18:276,0.13:11,0.05:27.96,0.04:25,0.03:39.54,0.02:69.35,0.01:2033.87
1786858491.253,sol-updown-4h-1786852800,ask,0.19:56,0.21:332,0.22:17,0.23:6,0.24:6,0.25:6,0.26:6,0.27:6,0.28:6,0.29:6,0.3:6,0.31:6,0.32:6,0.33:6,0.34:6,0.35:6,0.36:6,0.37:6,0.38:6,0.39:6,0.4:156,0.41:6,0.42:6,0.43:6,0.44:6,0.45:6,0.46:6,0.47:6,0.48:6,0.49:6,0.5:16,0.51:6,0.52:6,0.53:6,0.54:6,0.55:6,0.56:6,0.57:6,0.58:6,0.59:6,0.6:6,0.61:6,0.62:6,0.63:6,0.64:6,0.65:6,0.66:6,0.67:6,0.68:6,0.69:6,0.7:6,0.71:6,0.72:6,0.73:6,0.74:6,0.75:6,0.76:6,0.77:6,0.78:6,0.79:6,0.8:6,0.81:6,0.82:6,0.83:6,0.9:2000,0.94:9.53,0.95:3920,0.96:25,0.97:33.33,0.98:69.91,0.99:16027
1786858491.639,btc-updown-5m-1786860300,bid,0.49:762.07,0.48:48,0.47:157.64,0.46:70,0.45:93,0.44:240,0.43:94,0.42:94,0.41:112,0.4:362,0.38:10,0.37:10,0.36:360,0.35:5,0.34:15,0.33:435,0.32:15,0.31:5,0.3:80,0.29:5,0.28:535,0.27:15,0.26:15,0.25:5,0.24:5,0.23:1035,0.22:15,0.21:15,0.2:41,0.19:18,0.18:41,0.17:11,0.16:22,0.15:2055,0.14:57,0.13:28,0.12:90,0.11:91,0.1:3067,0.09:45,0.08:56,0.07:88,0.06:158,0.05:6354.84,0.04:345,0.03:10503,0.02:15565.89,0.01:93520.3
1786858491.639,btc-updown-5m-1786860300,ask,0.5:30,0.51:1074.86,0.52:48,0.53:157.64,0.54:70,0.55:93,0.56:240,0.57:114,0.58:94,0.59:112,0.6:362,0.62:10,0.63:10,0.64:360,0.65:5,0.66:15,0.67:435,0.68:15,0.69:5,0.7:80,0.71:5,0.72:535,0.73:15,0.74:15,0.75:5,0.76:5,0.77:1035,0.78:15,0.79:15,0.8:41,0.81:18,0.82:41,0.83:11,0.84:22,0.85:2055,0.86:57,0.87:28,0.88:90,0.89:91,0.9:3067,0.91:45,0.92:56,0.93:88,0.94:128,0.95:6354.89,0.96:345,0.97:10503,0.98:15566,0.99:93447.73
1786858493.498,bitcoin-up-or-down-august-16-2026-1am-et,bid,0.18:49.45,0.17:119,0.16:101.53,0.15:100,0.14:519.5,0.13:196,0.12:250,0.11:328,0.1:252,0.09:237,0.08:150,0.07:150,0.06:210,0.05:50,0.03:208.33,0.02:206.56,0.01:1126.15
1786858493.498,bitcoin-up-or-down-august-16-2026-1am-et,ask,0.19:606,0.2:231,0.21:105,0.22:97,0.23:77,0.24:197,0.25:150,0.26:190,0.27:202,0.28:150,0.29:150,0.3:150,0.31:150,0.32:340,0.33:40,0.34:180,0.35:30,0.36:30,0.37:30,0.38:60,0.39:30,0.5:31.25,0.51:60,0.63:120,0.65:10,0.67:20,0.75:5.2,0.8:10,0.9:20,0.93:8.57,0.94:2333.33,0.95:3900,0.98:9.99,0.99:14425
1786858493.680,btc-updown-4h-1786852800,bid,0.23:361.49,0.22:476,0.21:26,0.2:11,0.19:150,0.18:12.24,0.17:606,0.14:44.71,0.13:11,0.11:300,0.1:10,0.08:50,0.07:179.65,0.06:166.6,0.05:227.37,0.04:275,0.03:375.59,0.02:117.16,0.01:7833.17
1786858493.680,btc-updown-4h-1786852800,ask,0.24:61,0.25:256,0.26:827.73,0.27:6,0.28:206,0.29:6,0.3:6,0.31:566,0.32:6,0.33:6,0.34:56,0.35:6,0.36:6,0.37:26,0.38:6,0.39:12,0.4:6,0.41:6,0.42:11,0.43:26,0.44:6,0.45:6,0.46:6,0.47:6,0.48:6,0.49:55.99,0.5:56,0.51:6,0.52:6,0.53:6,0.54:6,0.55:6,0.56:7,0.57:6,0.58:6,0.59:6,0.6:11,0.61:31.14,0.62:6,0.63:6,0.64:6,0.65:6,0.66:6,0.67:6,0.68:6,0.69:6,0.7:11,0.71:6,0.72:6,0.73:6,0.74:6,0.75:6,0.76:6,0.77:6,0.78:6,0.79:6,0.8:6,0.81:6,0.82:6,0.83:6,0.84:5,0.89:300,0.9:2015,0.94:7.41,0.95:20,0.96:4175,0.97:33.33,0.98:79.77,0.99:16677.25
1786858493.854,eth-updown-4h-1786852800,bid,0.24:11,0.23:6,0.22:278,0.21:17,0.2:6,0.19:6,0.18:106,0.17:56,0.11:50,0.1:40,0.06:10,0.05:57.85,0.04:225,0.03:40.34,0.02:69.26,0.01:7282.4
1786858493.854,eth-updown-4h-1786852800,ask,0.25:40,0.26:402,0.27:220,0.28:6,0.29:6,0.3:17,0.31:6,0.32:6,0.33:6,0.34:11,0.35:6,0.36:406,0.37:16,0.38:6,0.39:6,0.4:6,0.41:6,0.42:6,0.43:46,0.44:6,0.45:6,0.46:6,0.47:7,0.48:55.99,0.49:6,0.5:6,0.51:6,0.52:6,0.53:6,0.54:6,0.55:6,0.56:6,0.57:6,0.58:6,0.59:6,0.6:6,0.61:6,0.62:6,0.63:6,0.64:6,0.65:6,0.66:6,0.67:6,0.68:6,0.69:6,0.7:6,0.71:6,0.72:6,0.73:6,0.74:6,0.75:6,0.76:6,0.77:6,0.78:6,0.79:6,0.8:6,0.81:6,0.82:6,0.83:6,0.9:2172,0.94:8.92,0.95:20,0.96:25,0.97:33.33,0.98:6075.24,0.99:17177.25
1786858494.024,ethereum-up-or-down-august-16-2026-1am-et,bid,0.25:63.66,0.24:55,0.23:78,0.21:50,0.2:120,0.19:120,0.18:270,0.17:120,0.16:120,0.15:126,0.14:120,0.13:120,0.12:140,0.09:20,0.05:20,0.04:8.6,0.03:21.53,0.02:75,0.01:14320.98
1786858494.024,ethereum-up-or-down-august-16-2026-1am-et,ask,0.26:20,0.27:30,0.28:270,0.29:45,0.3:20,0.31:120,0.32:120,0.33:120,0.34:120,0.35:120,0.36:120,0.37:120,0.38:120,0.39:320,0.41:10,0.42:10,0.43:10,0.5:6,0.65:10,0.74:60,0.75:80,0.88:12.43,0.93:7.94,0.94:2333.33,0.98:6034.63,0.99:14315.15
1786858494.200,sol-updown-15m-1786876200,bid,0.5:1,0.49:375,0.48:20,0.47:259.22,0.44:20,0.43:20,0.42:24,0.41:70,0.4:30,0.39:32,0.38:40,0.36:44,0.34:50,0.31:40,0.3:80,0.26:120,0.21:200,0.12:5.28,0.11:40,0.04:8.81,0.03:5000,0.02:7556.4,0.01:45328.58
1786858494.200,sol-updown-15m-1786876200,ask,0.51:85.53,0.52:5,0.53:547.84,0.54:20,0.56:10,0.57:10,0.58:16,0.59:24,0.6:28,0.61:72,0.62:36,0.64:40,0.66:50,0.7:80,0.71:40,0.74:120,0.79:160,0.81:40,0.9:6.92,0.91:40,0.96:7.18,0.97:5000,0.98:7556.62,0.99:45328.83
1786858494.366,sol-updown-4h-1786852800,bid,0.18:150,0.13:11,0.05:27.96,0.04:25,0.03:49.54,0.02:69.35,0.01:2033.87
1786858494.366,sol-updown-4h-1786852800,ask,0.19:56,0.21:206,0.22:22,0.23:6,0.24:6,0.25:6,0.26:6,0.27:6,0.28:6,0.29:6,0.3:6,0.31:6,0.32:6,0.33:6,0.34:6,0.35:6,0.36:6,0.37:6,0.38:6,0.39:6,0.4:156,0.41:6,0.42:6,0.43:6,0.44:6,0.45:6,0.46:6,0.47:6,0.48:6,0.49:6,0.5:16,0.51:6,0.52:6,0.53:6,0.54:6,0.55:6,0.56:6,0.57:6,0.58:6,0.59:6,0.6:6,0.61:6,0.62:6,0.63:6,0.64:6,0.65:6,0.66:6,0.67:6,0.68:6,0.69:6,0.7:6,0.71:6,0.72:6,0.73:6,0.74:6,0.75:6,0.76:6,0.77:6,0.78:6,0.79:6,0.8:6,0.81:6,0.82:6,0.83:6,0.9:2000,0.94:9.53,0.95:3920,0.96:25,0.97:33.33,0.98:69.91,0.99:16027
1786858494.720,btc-updown-5m-1786860300,bid,0.49:762.07,0.48:48,0.47:157.64,0.46:70,0.45:93,0.44:240,0.43:94,0.42:94,0.41:112,0.4:362,0.38:10,0.37:10,0.36:360,0.35:5,0.34:15,0.33:435,0.32:15,0.31:5,0.3:80,0.29:5,0.28:535,0.27:15,0.26:15,0.25:5,0.24:5,0.23:1035,0.22:15,0.21:15,0.2:41,0.19:18,0.18:41,0.17:11,0.16:22,0.15:2055,0.14:57,0.13:28,0.12:90,0.11:91,0.1:3067,0.09:45,0.08:56,0.07:88,0.06:158,0.05:6354.84,0.04:345,0.03:10503,0.02:15565.89,0.01:93520.3
1786858494.720,btc-updown-5m-1786860300,ask,0.5:30,0.51:1074.86,0.52:48,0.53:157.64,0.54:70,0.55:93,0.56:240,0.57:114,0.58:94,0.59:112,0.6:362,0.62:10,0.63:10,0.64:360,0.65:5,0.66:15,0.67:435,0.68:15,0.69:5,0.7:80,0.71:5,0.72:535,0.73:15,0.74:15,0.75:5,0.76:5,0.77:1035,0.78:15,0.79:15,0.8:41,0.81:18,0.82:41,0.83:11,0.84:22,0.85:2055,0.86:57,0.87:28,0.88:90,0.89:91,0.9:3067,0.91:45,0.92:56,0.93:88,0.94:128,0.95:6354.89,0.96:345,0.97:10503,0.98:15566,0.99:93447.73
1786858496.373,bitcoin-up-or-down-august-16-2026-1am-et,bid,0.18:44.45,0.17:119,0.16:101.53,0.15:100,0.14:519.5,0.13:196,0.12:250,0.11:328,0.1:252,0.09:237,0.08:150,0.07:150,0.06:210,0.05:50,0.03:208.33,0.02:206.56,0.01:1126.15
1786858496.373,bitcoin-up-or-down-august-16-2026-1am-et,ask,0.19:291,0.2:231,0.21:135,0.22:97,0.23:77,0.24:197,0.25:150,0.26:190,0.27:202,0.28:150,0.29:150,0.3:150,0.31:150,0.32:240,0.33:40,0.34:180,0.35:30,0.36:30,0.37:30,0.38:60,0.39:30,0.5:31.25,0.51:60,0.63:120,0.65:10,0.67:20,0.75:5.2,0.8:10,0.9:20,0.93:8.57,0.94:2333.33,0.95:3900,0.98:9.99,0.99:14425
1786858496.553,btc-updown-4h-1786852800,bid,0.23:361.49,0.22:56,0.21:26,0.2:11,0.19:150,0.18:12.24,0.17:606,0.14:44.71,0.13:11,0.11:300,0.1:10,0.08:50,0.07:179.65,0.06:166.6,0.05:227.37,0.04:275,0.03:375.59,0.02:117.16,0.01:7833.17
1786858496.553,btc-updown-4h-1786852800,ask,0.24:61,0.25:256,0.26:407.73,0.27:6,0.28:206,0.29:6,0.3:6,0.31:566,0.32:6,0.33:6,0.34:56,0.35:6,0.36:6,0.37:26,0.38:6,0.39:12,0.4:6,0.41:6,0.42:11,0.43:26,0.44:6,0.45:6,0.46:6,0.47:6,0.48:6,0.49:55.99,0.5:56,0.51:6,0.52:6,0.53:6,0.54:6,0.55:6,0.56:7,0.57:6,0.58:6,0.59:6,0.6:11,0.61:31.14,0.62:6,0.63:6,0.64:6,0.65:6,0.66:6,0.67:6,0.68:6,0.69:6,0.7:11,0.71:6,0.72:6,0.73:6,0.74:6,0.75:6,0.76:6,0.77:6,0.78:6,0.79:6,0.8:6,0.81:6,0.82:6,0.83:6,0.84:5,0.89:300,0.9:2015,0.94:7.41,0.95:20,0.96:4175,0.97:33.33,0.98:79.77,0.99:16677.25
1786858496.730,eth-updown-4h-1786852800,bid,0.24:11,0.23:6,0.22:26,0.21:6,0.2:6,0.19:6,0.18:106,0.17:56,0.11:50,0.1:40,0.06:10,0.05:57.85,0.04:225,0.03:40.34,0.02:69.26,0.01:5282.4
1786858496.730,eth-updown-4h-1786852800,ask,0.25:40,0.26:150,0.27:220,0.28:6,0.29:6,0.3:6,0.31:6,0.32:6,0.33:6,0.34:11,0.35:6,0.36:406,0.37:16,0.38:6,0.39:6,0.4:6,0.41:6,0.42:6,0.43:46,0.44:6,0.45:6,0.46:6,0.47:7,0.48:55.99,0.49:6,0.5:6,0.51:6,0.52:6,0.53:6,0.54:6,0.55:6,0.56:6,0.57:6,0.58:6,0.59:6,0.6:6,0.61:6,0.62:6,0.63:6,0.64:6,0.65:6,0.66:6,0.67:6,0.68:6,0.69:6,0.7:6,0.71:6,0.72:6,0.73:6,0.74:6,0.75:6,0.76:6,0.77:6,0.78:6,0.79:6,0.8:6,0.81:6,0.82:6,0.83:6,0.9:2172,0.94:8.92,0.95:20,0.96:25,0.97:33.33,0.98:6075.24,0.99:17177.25
1786858496.900,ethereum-up-or-down-august-16-2026-1am-et,bid,0.25:63.66,0.24:55,0.23:78,0.22:189,0.21:50,0.2:120,0.19:120,0.18:270,0.17:120,0.16:120,0.15:126,0.14:120,0.13:120,0.12:140,0.09:20,0.05:20,0.04:8.6,0.03:21.53,0.02:75,0.01:14320.98
1786858496.900,ethereum-up-or-down-august-16-2026-1am-et,ask,0.26:20,0.27:30,0.28:270,0.29:45,0.3:20,0.31:120,0.32:120,0.33:120,0.34:120,0.35:120,0.36:120,0.37:120,0.38:120,0.39:320,0.41:10,0.42:10,0.43:10,0.5:6,0.65:10,0.74:60,0.75:80,0.88:12.43,0.93:7.94,0.94:2333.33,0.98:6034.63,0.99:14315.15
1786858497.071,sol-updown-15m-1786876200,bid,0.5:1,0.49:375,0.48:20,0.47:259.22,0.44:20,0.43:20,0.42:24,0.41:70,0.4:30,0.39:32,0.38:40,0.36:44,0.34:50,0.31:40,0.3:80,0.26:120,0.21:200,0.12:5.28,0.11:40,0.04:8.81,0.03:5000,0.02:7556.4,0.01:45328.58
1786858497.071,sol-updown-15m-1786876200,ask,0.51:85.53,0.52:5,0.53:547.84,0.54:20,0.56:10,0.57:10,0.58:16,0.59:24,0.6:28,0.61:72,0.62:36,0.64:40,0.66:50,0.7:80,0.71:40,0.74:120,0.79:160,0.81:40,0.9:6.92,0.91:40,0.96:7.18,0.97:5000,0.98:7556.62,0.99:45328.83
1786858497.245,sol-updown-4h-1786852800,bid,0.18:200,0.05:27.96,0.04:25,0.03:49.54,0.02:69.35,0.01:2033.87
1786858497.245,sol-updown-4h-1786852800,ask,0.19:56,0.21:206,0.22:11,0.23:6,0.24:6,0.25:6,0.26:6,0.27:6,0.28:6,0.29:6,0.3:6,0.31:6,0.32:6,0.33:6,0.34:6,0.35:6,0.36:6,0.37:6,0.38:6,0.39:6,0.4:156,0.41:6,0.42:6,0.43:6,0.44:6,0.45:6,0.46:6,0.47:6,0.48:6,0.49:6,0.5:16,0.51:6,0.52:6,0.53:6,0.54:6,0.55:6,0.56:6,0.57:6,0.58:6,0.59:6,0.6:6,0.61:6,0.62:6,0.63:6,0.64:6,0.65:6,0.66:6,0.67:6,0.68:6,0.69:6,0.7:6,0.71:6,0.72:6,0.73:6,0.74:6,0.75:6,0.76:6,0.77:6,0.78:6,0.79:6,0.8:6,0.81:6,0.82:6,0.83:6,0.9:2000,0.94:9.53,0.95:3920,0.96:25,0.97:33.33,0.98:69.91,0.99:16027
1786858497.580,btc-updown-5m-1786860300,bid,0.49:762.07,0.48:48,0.47:157.64,0.46:70,0.45:93,0.44:240,0.43:94,0.42:94,0.41:112,0.4:362,0.38:10,0.37:10,0.36:360,0.35:5,0.34:15,0.33:435,0.32:15,0.31:5,0.3:80,0.29:5,0.28:535,0.27:15,0.26:15,0.25:5,0.24:5,0.23:1035,0.22:15,0.21:15,0.2:41,0.19:18,0.18:41,0.17:11,0.16:22,0.15:2055,0.14:57,0.13:28,0.12:90,0.11:91,0.1:3067,0.09:45,0.08:56,0.07:88,0.06:158,0.05:6354.84,0.04:345,0.03:10503,0.02:15565.89,0.01:93520.3
1786858497.580,btc-updown-5m-1786860300,ask,0.5:30,0.51:1074.86,0.52:48,0.53:157.64,0.54:70,0.55:93,0.56:240,0.57:114,0.58:94,0.59:112,0.6:362,0.62:10,0.63:10,0.64:360,0.65:5,0.66:15,0.67:435,0.68:15,0.69:5,0.7:80,0.71:5,0.72:535,0.73:15,0.74:15,0.75:5,0.76:5,0.77:1035,0.78:15,0.79:15,0.8:41,0.81:18,0.82:41,0.83:11,0.84:22,0.85:2055,0.86:57,0.87:28,0.88:90,0.89:91,0.9:3067,0.91:45,0.92:56,0.93:88,0.94:128,0.95:6354.89,0.96:345,0.97:10503,0.98:15566,0.99:93447.73
1786858499.368,bitcoin-up-or-down-august-16-2026-1am-et,bid,0.18:8.45,0.17:119,0.16:101.53,0.15:100,0.14:519.5,0.13:196,0.12:250,0.11:328,0.1:252,0.09:237,0.08:150,0.07:150,0.06:210,0.05:50,0.03:208.33,0.02:206.56,0.01:1126.15
1786858499.368,bitcoin-up-or-down-august-16-2026-1am-et,ask,0.19:606,0.2:231,0.21:135,0.22:97,0.23:77,0.24:197,0.25:150,0.26:190,0.27:202,0.28:150,0.29:150,0.3:450,0.31:150,0.32:30,0.33:40,0.34:180,0.35:30,0.36:30,0.37:30,0.38:70,0.39:30,0.51:60,0.61:120,0.65:10,0.67:20,0.75:5.2,0.8:10,0.9:20,0.93:8.57,0.94:2333.33,0.95:3900,0.98:9.99,0.99:14425
1786858499.540,btc-updown-4h-1786852800,bid,0.23:361.49,0.22:56,0.21:26,0.2:11,0.19:150,0.18:12.24,0.17:606,0.14:44.71,0.13:11,0.11:300,0.1:10,0.08:50,0.07:179.65,0.06:166.6,0.05:227.37,0.04:275,0.03:375.59,0.02:117.16,0.01:7833.17
1786858499.540,btc-updown-4h-1786852800,ask,0.24:61,0.25:256,0.26:407.73,0.27:6,0.28:206,0.29:6,0.3:6,0.31:566,0.32:6,0.33:6,0.34:56,0.35:6,0.36:6,0.37:26,0.38:6,0.39:12,0.4:6,0.41:6,0.42:11,0.43:26,0.44:6,0.45:6,0.46:6,0.47:6,0.48:6,0.49:55.99,0.5:56,0.51:6,0.52:6,0.53:6,0.54:6,0.55:6,0.56:7,0.57:6,0.58:6,0.59:6,0.6:11,0.61:31.14,0.62:6,0.63:6,0.64:6,0.65:6,0.66:6,0.67:6,0.68:6,0.69:6,0.7:11,0.71:6,0.72:6,0.73:6,0.74:6,0.75:6,0.76:6,0.77:6,0.78:6,0.79:6,0.8:6,0.81:6,0.82:6,0.83:6,0.84:5,0.89:300,0.9:2015,0.94:7.41,0.95:20,0.96:4175,0.97:33.33,0.98:79.77,0.99:16677.25
1786858499.726,eth-updown-4h-1786852800,bid,0.24:11,0.23:6,0.22:26,0.21:6,0.2:6,0.19:6,0.18:36,0.17:56,0.16:100,0.11:50,0.1:40,0.06:10,0.05:27.85,0.04:225,0.03:40.34,0.02:69.26,0.01:3282.4
1786858499.726,eth-updown-4h-1786852800,ask,0.25:40,0.26:150,0.27:220,0.28:6,0.29:6,0.3:6,0.31:6,0.32:6,0.33:6,0.34:11,0.35:6,0.36:406,0.37:16,0.38:6,0.39:6,0.4:6,0.41:6,0.42:6,0.43:46,0.44:6,0.45:6,0.46:6,0.47:7,0.48:55.99,0.49:6,0.5:6,0.51:6,0.52:6,0.53:6,0.54:6,0.55:6,0.56:6,0.57:6,0.58:6,0.59:6,0.6:6,0.61:6,0.62:6,0.63:6,0.64:6,0.65:6,0.66:6,0.67:6,0.68:6,0.69:6,0.7:6,0.71:6,0.72:6,0.73:6,0.74:6,0.75:6,0.76:6,0.77:6,0.78:6,0.79:6,0.8:6,0.81:6,0.82:6,0.83:6,0.9:2172,0.94:8.92,0.95:20,0.96:25,0.97:33.33,0.98:6075.24,0.99:17177.25
1786858499.895,ethereum-up-or-down-august-16-2026-1am-et,bid,0.25:63.66,0.24:55,0.23:78,0.22:189,0.2:50,0.16:150,0.15:6,0.12:20,0.09:20,0.05:20,0.04:8.6,0.03:21.53,0.02:75,0.01:14320.98
1786858499.895,ethereum-up-or-down-august-16-2026-1am-et,ask,0.26:170,0.27:219,0.28:120,0.29:45,0.3:20,0.39:200,0.41:10,0.42:10,0.43:10,0.5:6,0.65:10,0.75:80,0.88:12.43,0.93:57.94,0.94:2333.33,0.98:6034.63,0.99:14315.15
1786858500.066,sol-updown-15m-1786876200,bid,0.5:1,0.49:375,0.48:20,0.47:259.22,0.44:20,0.43:20,0.42:24,0.41:70,0.4:30,0.39:32,0.38:40,0.36:44,0.34:50,0.31:40,0.3:80,0.26:120,0.21:200,0.12:5.28,0.11:40,0.04:8.81,0.03:5000,0.02:7556.4,0.01:45328.58
1786858500.066,sol-updown-15m-1786876200,ask,0.51:85.53,0.52:5,0.53:547.84,0.54:20,0.56:10,0.57:10,0.58:16,0.59:24,0.6:28,0.61:72,0.62:36,0.64:40,0.66:50,0.7:80,0.71:40,0.74:120,0.79:160,0.81:40,0.9:6.92,0.91:40,0.96:7.18,0.97:5000,0.98:7556.62,0.99:45328.83
1786858500.248,sol-updown-4h-1786852800,bid,0.18:200,0.05:27.96,0.04:25,0.03:49.54,0.02:69.35,0.01:2033.87
1786858500.248,sol-updown-4h-1786852800,ask,0.19:56,0.21:206,0.22:11,0.23:6,0.24:6,0.25:6,0.26:6,0.27:6,0.28:6,0.29:6,0.3:6,0.31:6,0.32:6,0.33:6,0.34:6,0.35:6,0.36:6,0.37:6,0.38:6,0.39:6,0.4:156,0.41:6,0.42:6,0.43:6,0.44:6,0.45:6,0.46:6,0.47:6,0.48:6,0.49:6,0.5:16,0.51:6,0.52:6,0.53:6,0.54:6,0.55:6,0.56:6,0.57:6,0.58:6,0.59:6,0.6:6,0.61:6,0.62:6,0.63:6,0.64:6,0.65:6,0.66:6,0.67:6,0.68:6,0.69:6,0.7:6,0.71:6,0.72:6,0.73:6,0.74:6,0.75:6,0.76:6,0.77:6,0.78:6,0.79:6,0.8:6,0.81:6,0.82:6,0.83:6,0.9:2000,0.94:9.53,0.95:3920,0.96:25,0.97:33.33,0.98:69.91,0.99:16027
1786858500.599,btc-updown-5m-1786860300,bid,0.49:122.63,0.48:48,0.47:157.64,0.46:70,0.45:93,0.44:240,0.43:94,0.42:94,0.41:112,0.4:362,0.38:10,0.37:10,0.36:360,0.35:5,0.34:15,0.33:435,0.32:15,0.31:5,0.3:80,0.29:5,0.28:535,0.27:15,0.26:15,0.25:5,0.24:5,0.23:1035,0.22:15,0.21:15,0.2:41,0.19:18,0.18:41,0.17:11,0.16:22,0.15:2055,0.14:57,0.13:28,0.12:90,0.11:91,0.1:3067,0.09:45,0.08:56,0.07:88,0.06:158,0.05:6354.84,0.04:345,0.03:10503,0.02:15565.89,0.01:93520.3
1786858500.599,btc-updown-5m-1786860300,ask,0.5:30,0.51:374.86,0.52:48,0.53:157.64,0.54:70,0.55:93,0.56:240,0.57:114,0.58:94,0.59:112,0.6:362,0.62:10,0.63:10,0.64:360,0.65:5,0.66:15,0.67:435,0.68:15,0.69:5,0.7:80,0.71:5,0.72:535,0.73:15,0.74:15,0.75:5,0.76:5,0.77:1035,0.78:15,0.79:15,0.8:41,0.81:18,0.82:41,0.83:11,0.84:22,0.85:2055,0.86:57,0.87:28,0.88:90,0.89:91,0.9:3067,0.91:45,0.92:56,0.93:88,0.94:128,0.95:6354.89,0.96:345,0.97:10503,0.98:15566,0.99:93447.73
1786858502.361,bitcoin-up-or-down-august-16-2026-1am-et,bid,0.18:8.45,0.17:119,0.16:101.53,0.15:100,0.14:519.5,0.13:196,0.12:250,0.11:328,0.1:252,0.09:237,0.08:150,0.07:150,0.06:210,0.05:50,0.03:208.33,0.02:206.56,0.01:1126.15
1786858502.361,bitcoin-up-or-down-august-16-2026-1am-et,ask,0.19:606,0.2:231,0.21:140,0.22:97,0.23:77,0.24:72,0.25:30,0.26:70,0.27:82,0.28:30,0.29:30,0.3:330,0.31:30,0.32:30,0.33:40,0.34:180,0.35:30,0.36:30,0.37:30,0.38:70,0.39:30,0.45:31.25,0.51:60,0.61:120,0.65:10,0.67:20,0.75:5.2,0.8:10,0.9:20,0.93:8.57,0.94:2333.33,0.95:3900,0.98:9.99,0.99:14425
1786858502.534,btc-updown-4h-1786852800,bid,0.23:361.49,0.22:56,0.21:26,0.2:11,0.19:150,0.18:12.24,0.17:606,0.14:44.71,0.11:300,0.1:10,0.08:50,0.07:179.65,0.06:166.6,0.05:227.37,0.04:275,0.03:375.59,0.02:117.16,0.01:7833.17
1786858502.534,btc-updown-4h-1786852800,ask,0.24:61,0.25:256,0.26:407.73,0.27:6,0.28:206,0.29:6,0.3:6,0.31:566,0.32:6,0.33:6,0.34:56,0.35:6,0.36:6,0.37:26,0.38:6,0.39:12,0.4:6,0.41:6,0.42:11,0.43:26,0.44:6,0.45:6,0.46:6,0.47:6,0.48:6,0.49:55.99,0.5:56,0.51:6,0.52:6,0.53:6,0.54:6,0.55:6,0.56:7,0.57:6,0.58:6,0.59:6,0.6:11,0.61:31.14,0.62:6,0.63:6,0.64:6,0.65:6,0.66:6,0.67:6,0.68:6,0.69:6,0.7:11,0.71:6,0.72:6,0.73:6,0.74:6,0.75:6,0.76:6,0.77:6,0.78:6,0.79:6,0.8:6,0.81:6,0.82:6,0.83:6,0.84:5,0.89:300,0.9:2015,0.94:7.41,0.95:20,0.96:4175,0.97:33.33,0.98:79.77,0.99:16677.25
1786858502.703,eth-updown-4h-1786852800,bid,0.24:11,0.23:6,0.22:26,0.21:6,0.2:6,0.19:6,0.18:36,0.17:56,0.16:100,0.11:50,0.1:40,0.06:10,0.05:27.85,0.04:225,0.03:40.34,0.02:69.26,0.01:3282.4
1786858502.703,eth-updown-4h-1786852800,ask,0.25:40,0.26:150,0.27:220,0.28:6,0.29:6,0.3:6,0.31:6,0.32:6,0.33:6,0.34:11,0.35:6,0.36:406,0.37:16,0.38:6,0.39:6,0.4:6,0.41:6,0.42:6,0.43:46,0.44:6,0.45:6,0.46:6,0.47:7,0.48:55.99,0.49:6,0.5:6,0.51:6,0.52:6,0.53:6,0.54:6,0.55:6,0.56:6,0.57:6,0.58:6,0.59:6,0.6:6,0.61:6,0.62:6,0.63:6,0.64:6,0.65:6,0.66:6,0.67:6,0.68:6,0.69:6,0.7:6,0.71:6,0.72:6,0.73:6,0.74:6,0.75:6,0.76:6,0.77:6,0.78:6,0.79:6,0.8:6,0.81:6,0.82:6,0.83:6,0.9:2172,0.94:8.92,0.95:20,0.96:25,0.97:33.33,0.98:6075.24,0.99:17177.25
1786858502.874,ethereum-up-or-down-august-16-2026-1am-et,bid,0.24:20,0.23:78,0.22:189,0.21:50,0.2:120,0.16:270,0.15:6,0.14:120,0.12:20,0.11:20,0.09:20,0.05:20,0.04:8.6,0.03:21.53,0.02:75,0.01:9320.98
1786858502.874,ethereum-up-or-down-august-16-2026-1am-et,ask,0.25:33.93,0.26:150,0.27:249,0.28:95,0.29:5,0.3:20,0.39:200,0.41:10,0.42:10,0.43:10,0.5:6,0.65:10,0.75:80,0.88:12.43,0.92:10,0.93:57.94,0.94:2333.33,0.98:6034.63,0.99:14315.15
1786858503.045,sol-updown-15m-1786876200,bid,0.5:1,0.49:375,0.48:20,0.47:259.22,0.44:20,0.43:20,0.42:24,0.41:70,0.4:30,0.39:32,0.38:40,0.36:44,0.34:50,0.31:40,0.3:80,0.26:120,0.21:200,0.12:5.28,0.11:40,0.04:8.81,0.03:5000,0.02:7556.4,0.01:45328.58
1786858503.045,sol-updown-15m-1786876200,ask,0.51:85.53,0.52:5,0.53:547.84,0.54:20,0.56:10,0.57:10,0.58:16,0.59:24,0.6:28,0.61:72,0.62:36,0.64:40,0.66:50,0.7:80,0.71:40,0.74:120,0.79:160,0.81:40,0.9:6.92,0.91:40,0.96:7.18,0.97:5000,0.98:7556.62,0.99:45328.83
1786858503.213,sol-updown-4h-1786852800,bid,0.18:200,0.05:27.96,0.04:25,0.03:49.54,0.02:69.35,0.01:2033.87
1786858503.213,sol-updown-4h-1786852800,ask,0.19:56,0.21:206,0.22:11,0.23:6,0.24:6,0.25:6,0.26:6,0.27:6,0.28:6,0.29:6,0.3:6,0.31:6,0.32:6,0.33:6,0.34:6,0.35:6,0.36:6,0.37:6,0.38:6,0.39:6,0.4:156,0.41:6,0.42:6,0.43:6,0.44:6,0.45:6,0.46:6,0.47:6,0.48:6,0.49:6,0.5:16,0.51:6,0.52:6,0.53:6,0.54:6,0.55:6,0.56:6,0.57:6,0.58:6,0.59:6,0.6:6,0.61:6,0.62:6,0.63:6,0.64:6,0.65:6,0.66:6,0.67:6,0.68:6,0.69:6,0.7:6,0.71:6,0.72:6,0.73:6,0.74:6,0.75:6,0.76:6,0.77:6,0.78:6,0.79:6,0.8:6,0.81:6,0.82:6,0.83:6,0.9:2000,0.94:9.53,0.95:3920,0.96:25,0.97:33.33,0.98:69.91,0.99:16027
1786858503.553,btc-updown-5m-1786860300,bid,0.49:122.63,0.48:48,0.47:157.64,0.46:70,0.45:93,0.44:240,0.43:94,0.42:94,0.41:112,0.4:362,0.38:10,0.37:10,0.36:360,0.35:5,0.34:15,0.33:435,0.32:15,0.31:5,0.3:80,0.29:5,0.28:535,0.27:15,0.26:15,0.25:5,0.24:5,0.23:1035,0.22:15,0.21:15,0.2:41,0.19:18,0.18:41,0.17:11,0.16:22,0.15:2943,0.14:57,0.13:28,0.12:90,0.11:91,0.1:3067,0.09:45,0.08:56,0.07:88,0.06:158,0.05:6354.84,0.04:345,0.03:10503,0.02:15565.89,0.01:93520.3
1786858503.553,btc-updown-5m-1786860300,ask,0.5:30,0.51:374.86,0.52:48,0.53:157.64,0.54:70,0.55:93,0.56:240,0.57:114,0.58:94,0.59:112,0.6:362,0.62:10,0.63:10,0.64:360,0.65:5,0.66:15,0.67:435,0.68:15,0.69:5,0.7:80,0.71:5,0.72:535,0.73:15,0.74:15,0.75:5,0.76:5,0.77:1035,0.78:15,0.79:15,0.8:41,0.81:18,0.82:41,0.83:11,0.84:22,0.85:2943,0.86:57,0.87:28,0.88:90,0.89:91,0.9:3067,0.91:45,0.92:56,0.93:88,0.94:128,0.95:6354.89,0.96:345,0.97:10503,0.98:15566,0.99:93447.73
1786858505.384,bitcoin-up-or-down-august-16-2026-1am-et,bid,0.18:14.45,0.17:119,0.16:101.53,0.15:100,0.14:519.5,0.13:196,0.12:250,0.11:328,0.1:252,0.09:237,0.08:150,0.07:150,0.06:210,0.05:50,0.03:208.33,0.02:206.56,0.01:1126.15
1786858505.384,bitcoin-up-or-down-august-16-2026-1am-et,ask,0.19:606,0.2:231,0.21:110,0.22:97,0.23:77,0.24:192,0.25:150,0.26:190,0.27:202,0.28:150,0.29:150,0.3:450,0.31:150,0.32:30,0.33:40,0.34:180,0.35:30,0.36:30,0.37:30,0.38:70,0.39:30,0.45:31.25,0.51:60,0.59:120,0.65:10,0.67:20,0.75:5.2,0.8:10,0.9:20,0.93:8.57,0.94:2333.33,0.95:3900,0.98:9.99,0.99:14425
1786858505.561,btc-updown-4h-1786852800,bid,0.23:361.49,0.22:56,0.21:26,0.2:11,0.19:150,0.18:12.24,0.17:606,0.14:44.71,0.13:11,0.11:300,0.1:10,0.08:50,0.07:179.65,0.06:166.6,0.05:227.37,0.04:275,0.03:375.59,0.02:117.16,0.01:7833.17
1786858505.561,btc-updown-4h-1786852800,ask,0.24:61,0.25:256,0.26:407.73,0.27:6,0.28:206,0.29:6,0.3:6,0.31:566,0.32:6,0.33:6,0.34:56,0.35:6,0.36:6,0.37:26,0.38:6,0.39:12,0.4:6,0.41:6,0.42:11,0.43:26,0.44:6,0.45:6,0.46:6,0.47:6,0.48:6,0.49:46.02,0.5:56,0.51:6,0.52:6,0.53:6,0.54:6,0.55:6,0.56:7,0.57:6,0.58:6,0.59:6,0.6:11,0.61:31.14,0.62:6,0.63:6,0.64:6,0.65:6,0.66:6,0.67:6,0.68:6,0.69:6,0.7:11,0.71:6,0.72:6,0.73:6,0.74:6,0.75:6,0.76:6,0.77:6,0.78:6,0.79:6,0.8:6,0.81:6,0.82:6,0.83:6,0.84:5,0.89:300,0.9:2015,0.94:7.41,0.95:20,0.96:4175,0.97:33.33,0.98:79.77,0.99:16677.25
1786858505.789,eth-updown-4h-1786852800,bid,0.24:11,0.23:6,0.22:26,0.21:6,0.2:6,0.19:6,0.18:36,0.17:56,0.16:100,0.11:50,0.1:40,0.06:10,0.05:27.85,0.04:225,0.03:40.34,0.02:69.26,0.01:3282.4
1786858505.789,eth-updown-4h-1786852800,ask,0.25:40,0.26:150,0.27:220,0.28:6,0.29:6,0.3:6,0.31:6,0.32:6,0.33:6,0.34:11,0.35:6,0.36:406,0.37:16,0.38:6,0.39:6,0.4:6,0.41:6,0.42:6,0.43:46,0.44:6,0.45:6,0.46:6,0.47:7,0.48:55.99,0.49:6,0.5:6,0.51:6,0.52:6,0.53:6,0.54:6,0.55:6,0.56:6,0.57:6,0.58:6,0.59:6,0.6:6,0.61:6,0.62:6,0.63:6,0.64:6,0.65:6,0.66:6,0.67:6,0.68:6,0.69:6,0.7:6,0.71:6,0.72:6,0.73:6,0.74:6,0.75:6,0.76:6,0.77:6,0.78:6,0.79:6,0.8:6,0.81:6,0.82:6,0.83:6,0.9:2172,0.94:8.92,0.95:20,0.96:25,0.97:33.33,0.98:6075.24,0.99:17177.25
1786858506.013,ethereum-up-or-down-august-16-2026-1am-et,bid,0.24:20,0.23:88,0.22:194,0.21:50,0.2:120,0.19:120,0.18:120,0.17:120,0.16:270,0.15:6,0.14:120,0.12:20,0.09:20,0.05:20,0.04:8.6,0.03:21.53,0.02:75,0.01:14320.98
1786858506.013,ethereum-up-or-down-august-16-2026-1am-et,ask,0.25:33.93,0.26:185,0.27:299,0.28:45,0.29:5,0.3:140,0.31:120,0.36:120,0.39:200,0.41:10,0.42:10,0.43:10,0.5:6,0.65:10,0.75:80,0.88:12.43,0.92:10,0.93:57.94,0.94:2333.33,0.98:6034.63,0.99:14315.15
1786858506.182,sol-updown-15m-1786876200,bid,0.5:1,0.49:375,0.48:20,0.47:259.22,0.44:20,0.43:20,0.42:24,0.41:70,0.4:30,0.39:32,0.38:40,0.36:44,0.34:50,0.31:40,0.3:80,0.26:120,0.21:200,0.12:5.28,0.11:40,0.04:8.81,0.03:5000,0.02:7556.4,0.01:45328.58
1786858506.182,sol-updown-15m-1786876200,ask,0.51:85.53,0.52:5,0.53:547.84,0.54:20,0.56:10,0.57:10,0.58:16,0.59:24,0.6:28,0.61:72,0.62:36,0.64:40,0.66:50,0.7:80,0.71:40,0.74:120,0.79:160,0.81:40,0.9:6.92,0.91:40,0.96:7.18,0.97:5000,0.98:7556.62,0.99:45328.83
1786858506.364,sol-updown-4h-1786852800,bid,0.18:200,0.13:11,0.05:27.96,0.04:25,0.03:39.54,0.02:69.35,0.01:2033.87
1786858506.364,sol-updown-4h-1786852800,ask,0.19:56,0.21:206,0.22:22,0.23:6,0.24:6,0.25:6,0.26:6,0.27:6,0.28:6,0.29:6,0.3:6,0.31:6,0.32:6,0.33:6,0.34:6,0.35:6,0.36:6,0.37:6,0.38:6,0.39:6,0.4:156,0.41:6,0.42:6,0.43:6,0.44:6,0.45:6,0.46:6,0.47:6,0.48:6,0.49:6,0.5:6,0.51:6,0.52:6,0.53:6,0.54:6,0.55:6,0.56:6,0.57:6,0.58:6,0.59:6,0.6:6,0.61:6,0.62:6,0.63:6,0.64:6,0.65:6,0.66:6,0.67:6,0.68:6,0.69:6,0.7:6,0.71:6,0.72:6,0.73:6,0.74:6,0.75:6,0.76:6,0.77:6,0.78:6,0.79:6,0.8:6,0.81:6,0.82:6,0.83:6,0.9:2000,0.94:9.53,0.95:3920,0.96:25,0.97:33.33,0.98:69.91,0.99:16027
1786858506.734,btc-updown-5m-1786860300,bid,0.49:127.63,0.48:54,0.47:164.64,0.46:70,0.45:93,0.44:240,0.43:94,0.42:94,0.41:112,0.4:362,0.38:10,0.37:10,0.36:360,0.35:5,0.34:15,0.33:435,0.32:15,0.31:5,0.3:80,0.29:5,0.28:535,0.27:15,0.26:15,0.25:5,0.24:5,0.23:1035,0.22:15,0.21:15,0.2:41,0.19:18,0.18:41,0.17:11,0.16:22,0.15:2943,0.14:57,0.13:28,0.12:90,0.11:91,0.1:3067,0.09:45,0.08:56,0.07:88,0.06:158,0.05:6354.84,0.04:345,0.03:10503,0.02:15565.89,0.01:93520.3
1786858506.734,btc-updown-5m-1786860300,ask,0.5:30,0.51:379.86,0.52:54,0.53:164.64,0.54:70,0.55:93,0.56:240,0.57:114,0.58:94,0.59:112,0.6:362,0.62:10,0.63:10,0.64:360,0.65:5,0.66:15,0.67:435,0.68:15,0.69:5,0.7:80,0.71:5,0.72:535,0.73:15,0.74:15,0.75:5,0.76:5,0.77:1035,0.78:15,0.79:15,0.8:41,0.81:18,0.82:41,0.83:11,0.84:22,0.85:2943,0.86:57,0.87:28,0.88:90,0.89:91,0.9:3067,0.91:45,0.92:56,0.93:88,0.94:128,0.95:6354.89,0.96:345,0.97:10503,0.98:15566,0.99:93447.73
1786858508.390,bitcoin-up-or-down-august-16-2026-1am-et,bid,0.18:14.45,0.17:119,0.16:101.53,0.15:100,0.14:519.5,0.13:196,0.12:250,0.11:328,0.1:252,0.09:237,0.08:150,0.07:150,0.06:210,0.05:50,0.03:208.33,0.02:206.56,0.01:1126.15
1786858508.390,bitcoin-up-or-down-august-16-2026-1am-et,ask,0.19:606,0.2:231,0.21:110,0.22:97,0.23:77,0.24:192,0.25:150,0.26:190,0.27:202,0.28:150,0.29:150,0.3:450,0.31:150,0.32:30,0.33:40,0.34:180,0.35:30,0.36:30,0.37:30,0.38:70,0.39:30,0.45:31.25,0.51:60,0.59:120,0.65:10,0.67:20,0.75:5.2,0.8:10,0.9:20,0.93:8.57,0.94:2333.33,0.95:3900,0.98:9.99,0.99:14425
1786858508.558,btc-updown-4h-1786852800,bid,0.23:361.49,0.22:56,0.21:26,0.2:11,0.19:150,0.18:12.24,0.17:606,0.14:44.71,0.13:11,0.11:300,0.1:10,0.08:50,0.07:179.65,0.06:166.6,0.05:227.37,0.04:275,0.03:375.59,0.02:117.16,0.01:7833.17
1786858508.558,btc-updown-4h-1786852800,ask,0.24:61,0.25:256,0.26:407.73,0.27:6,0.28:206,0.29:6,0.3:6,0.31:566,0.32:6,0.33:6,0.34:56,0.35:6,0.36:6,0.37:26,0.38:6,0.39:12,0.4:6,0.41:6,0.42:11,0.43:26,0.44:6,0.45:6,0.46:6,0.47:6,0.48:6,0.49:55.99,0.5:56,0.51:6,0.52:6,0.53:6,0.54:6,0.55:6,0.56:7,0.57:6,0.58:6,0.59:6,0.6:11,0.61:31.14,0.62:6,0.63:6,0.64:6,0.65:6,0.66:6,0.67:6,0.68:6,0.69:6,0.7:11,0.71:6,0.72:6,0.73:6,0.74:6,0.75:6,0.76:6,0.77:6,0.78:6,0.79:6,0.8:6,0.81:6,0.82:6,0.83:6,0.84:5,0.89:300,0.9:2015,0.94:7.41,0.95:20,0.96:4175,0.97:33.33,0.98:79.77,0.99:16677.25
1786858508.727,eth-updown-4h-1786852800,bid,0.24:11,0.23:6,0.22:26,0.21:6,0.2:6,0.19:6,0.18:36,0.17:56,0.16:100,0.11:50,0.1:40,0.06:10,0.05:27.85,0.04:225,0.03:40.34,0.02:69.26,0.01:3282.4
1786858508.727,eth-updown-4h-1786852800,ask,0.25:40,0.26:150,0.27:220,0.28:6,0.29:6,0.3:6,0.31:6,0.32:6,0.33:6,0.34:11,0.35:6,0.36:406,0.37:16,0.38:6,0.39:6,0.4:6,0.41:6,0.42:6,0.43:46,0.44:6,0.45:6,0.46:6,0.47:7,0.48:55.99,0.49:6,0.5:6,0.51:6,0.52:6,0.53:6,0.54:6,0.55:6,0.56:6,0.57:6,0.58:6,0.59:6,0.6:6,0.61:6,0.62:6,0.63:6,0.64:6,0.65:6,0.66:6,0.67:6,0.68:6,0.69:6,0.7:6,0.71:6,0.72:6,0.73:6,0.74:6,0.75:6,0.76:6,0.77:6,0.78:6,0.79:6,0.8:6,0.81:6,0.82:6,0.83:6,0.9:2172,0.94:8.92,0.95:20,0.96:25,0.97:33.33,0.98:6075.24,0.99:17177.25
1786858508.913,ethereum-up-or-down-august-16-2026-1am-et,bid,0.24:70,0.23:88,0.22:194,0.16:150,0.15:6,0.12:20,0.1:20,0.09:20,0.05:20,0.04:8.6,0.03:21.53,0.02:75,0.01:14320.98
1786858508.913,ethereum-up-or-down-august-16-2026-1am-et,ask,0.25:33.93,0.26:185,0.27:299,0.28:45,0.29:5,0.3:20,0.34:120,0.39:200,0.41:10,0.42:10,0.43:10,0.5:6,0.65:10,0.75:80,0.87:60,0.88:12.43,0.93:7.94,0.94:2333.33,0.98:6034.63,0.99:14315.15
1786858509.080,sol-updown-15m-1786876200,bid,0.5:1,0.49:375,0.48:20,0.47:259.22,0.44:20,0.43:20,0.42:24,0.41:70,0.4:30,0.39:32,0.38:40,0.36:44,0.34:50,0.31:40,0.3:80,0.26:120,0.21:200,0.12:5.28,0.11:40,0.04:8.81,0.03:5000,0.02:7556.4,0.01:45328.58
1786858509.080,sol-updown-15m-1786876200,ask,0.51:85.53,0.52:5,0.53:547.84,0.54:20,0.56:10,0.57:10,0.58:16,0.59:24,0.6:28,0.61:72,0.62:36,0.64:40,0.66:50,0.7:80,0.71:40,0.74:120,0.79:160,0.81:40,0.9:6.92,0.91:40,0.96:7.18,0.97:5000,0.98:7556.62,0.99:45328.83
1786858509.270,sol-updown-4h-1786852800,bid,0.18:200,0.05:27.96,0.04:25,0.03:49.54,0.02:69.35,0.01:2033.87
1786858509.270,sol-updown-4h-1786852800,ask,0.19:56,0.21:206,0.22:11,0.23:6,0.24:6,0.25:6,0.26:6,0.27:6,0.28:6,0.29:6,0.3:6,0.31:6,0.32:6,0.33:6,0.34:6,0.35:6,0.36:6,0.37:6,0.38:6,0.39:6,0.4:156,0.41:6,0.42:6,0.43:6,0.44:6,0.45:6,0.46:6,0.47:6,0.48:6,0.49:6,0.5:16,0.51:6,0.52:6,0.53:6,0.54:6,0.55:6,0.56:6,0.57:6,0.58:6,0.59:6,0.6:6,0.61:6,0.62:6,0.63:6,0.64:6,0.65:6,0.66:6,0.67:6,0.68:6,0.69:6,0.7:6,0.71:6,0.72:6,0.73:6,0.74:6,0.75:6,0.76:6,0.77:6,0.78:6,0.79:6,0.8:6,0.81:6,0.82:6,0.83:6,0.9:2000,0.94:9.53,0.95:3920,0.96:25,0.97:33.33,0.98:69.91,0.99:16027
1786858509.615,btc-updown-5m-1786860300,bid,0.49:127.63,0.48:54,0.47:164.64,0.46:70,0.45:93,0.44:240,0.43:94,0.42:94,0.41:112,0.4:362,0.38:10,0.37:10,0.36:360,0.35:5,0.34:15,0.33:435,0.32:15,0.31:5,0.3:80,0.29:5,0.28:535,0.27:15,0.26:15,0.25:5,0.24:5,0.23:1035,0.22:15,0.21:15,0.2:41,0.19:18,0.18:41,0.17:11,0.16:22,0.15:2943,0.14:57,0.13:28,0.12:90,0.11:91,0.1:3067,0.09:45,0.08:56,0.07:88,0.06:158,0.05:6354.84,0.04:345,0.03:10503,0.02:15565.89,0.01:93520.3
1786858509.615,btc-updown-5m-1786860300,ask,0.5:30,0.51:379.86,0.52:54,0.53:164.64,0.54:70,0.55:93,0.56:240,0.57:114,0.58:94,0.59:112,0.6:362,0.62:10,0.63:10,0.64:360,0.65:5,0.66:15,0.67:435,0.68:15,0.69:5,0.7:80,0.71:5,0.72:535,0.73:15,0.74:15,0.75:5,0.76:5,0.77:1035,0.78:15,0.79:15,0.8:41,0.81:18,0.82:41,0.83:11,0.84:22,0.85:2943,0.86:57,0.87:28,0.88:90,0.89:91,0.9:3067,0.91:45,0.92:56,0.93:88,0.94:128,0.95:6354.89,0.96:345,0.97:10503,0.98:15566,0.99:93447.73
1786858511.374,bitcoin-up-or-down-august-16-2026-1am-et,bid,0.18:14.45,0.17:119,0.16:101.53,0.15:100,0.14:519.5,0.13:196,0.12:250,0.11:328,0.1:252,0.09:237,0.08:150,0.07:150,0.06:210,0.05:50,0.03:208.33,0.02:206.56,0.01:1126.15
1786858511.374,bitcoin-up-or-down-august-16-2026-1am-et,ask,0.19:606,0.2:231,0.21:110,0.22:97,0.23:77,0.24:72,0.25:30,0.26:70,0.27:82,0.28:30,0.29:30,0.3:330,0.31:30,0.32:30,0.33:40,0.34:180,0.35:30,0.36:30,0.37:30,0.38:70,0.39:30,0.45:31.25,0.51:60,0.59:120,0.65:10,0.67:20,0.75:5.2,0.8:10,0.9:20,0.93:8.57,0.94:2333.33,0.95:3900,0.98:9.99,0.99:14425
1786858511.546,btc-updown-4h-1786852800,bid,0.23:361.49,0.22:56,0.21:26,0.2:11,0.19:150,0.18:12.24,0.17:606,0.14:44.71,0.13:11,0.11:300,0.1:10,0.08:50,0.07:179.65,0.06:166.6,0.05:227.37,0.04:275,0.03:375.59,0.02:117.16,0.01:7833.17
1786858511.546,btc-updown-4h-1786852800,ask,0.24:61,0.25:256,0.26:407.73,0.27:6,0.28:206,0.29:6,0.3:6,0.31:566,0.32:6,0.33:6,0.34:56,0.35:6,0.36:6,0.37:26,0.38:6,0.39:12,0.4:6,0.41:6,0.42:11,0.43:26,0.44:6,0.45:6,0.46:6,0.47:6,0.48:6,0.49:55.99,0.5:56,0.51:6,0.52:6,0.53:6,0.54:6,0.55:6,0.56:7,0.57:6,0.58:6,0.59:6,0.6:11,0.61:31.14,0.62:6,0.63:6,0.64:6,0.65:6,0.66:6,0.67:6,0.68:6,0.69:6,0.7:11,0.71:6,0.72:6,0.73:6,0.74:6,0.75:6,0.76:6,0.77:6,0.78:6,0.79:6,0.8:6,0.81:6,0.82:6,0.83:6,0.84:5,0.89:300,0.9:2015,0.94:7.41,0.95:20,0.96:4175,0.97:33.33,0.98:79.77,0.99:16677.25
1786858511.725,eth-updown-4h-1786852800,bid,0.24:11,0.23:6,0.22:26,0.21:17,0.2:6,0.19:6,0.18:36,0.17:56,0.16:100,0.11:50,0.1:40,0.06:10,0.05:27.85,0.04:225,0.03:40.34,0.02:69.26,0.01:3282.4
1786858511.725,eth-updown-4h-1786852800,ask,0.25:40,0.26:150,0.27:220,0.28:6,0.29:6,0.3:17,0.31:6,0.32:6,0.33:6,0.34:11,0.35:6,0.36:406,0.37:16,0.38:6,0.39:6,0.4:6,0.41:6,0.42:6,0.43:46,0.44:6,0.45:6,0.46:6,0.47:7,0.48:55.99,0.49:6,0.5:6,0.51:6,0.52:6,0.53:6,0.54:6,0.55:6,0.56:6,0.57:6,0.58:6,0.59:6,0.6:6,0.61:6,0.62:6,0.63:6,0.64:6,0.65:6,0.66:6,0.67:6,0.68:6,0.69:6,0.7:6,0.71:6,0.72:6,0.73:6,0.74:6,0.75:6,0.76:6,0.77:6,0.78:6,0.79:6,0.8:6,0.81:6,0.82:6,0.83:6,0.9:2172,0.94:8.92,0.95:20,0.96:25,0.97:33.33,0.98:6075.24,0.99:17177.25
1786858511.889,ethereum-up-or-down-august-16-2026-1am-et,bid,0.24:70,0.23:277,0.22:5,0.19:120,0.17:120,0.16:150,0.15:126,0.12:20,0.1:20,0.09:20,0.05:20,0.04:8.6,0.03:21.53,0.02:75,0.01:4320.98
1786858511.889,ethereum-up-or-down-august-16-2026-1am-et,ask,0.25:33.93,0.26:185,0.27:110,0.28:45,0.3:20,0.34:120,0.39:200,0.41:10,0.42:10,0.43:10,0.5:6,0.65:10,0.75:80,0.87:60,0.88:12.43,0.93:7.94,0.94:2333.33,0.98:6034.63,0.99:14315.15
1786858512.066,sol-updown-15m-1786876200,bid,0.5:1,0.49:375,0.48:20,0.47:259.22,0.44:20,0.43:20,0.42:24,0.41:70,0.4:30,0.39:32,0.38:40,0.36:44,0.34:50,0.31:40,0.3:80,0.26:120,0.21:200,0.12:5.28,0.11:40,0.04:8.81,0.03:5000,0.02:7556.4,0.01:45328.58
1786858512.066,sol-updown-15m-1786876200,ask,0.51:85.53,0.52:5,0.53:547.84,0.54:20,0.56:10,0.57:10,0.58:16,0.59:24,0.6:28,0.61:72,0.62:36,0.64:40,0.66:50,0.7:80,0.71:40,0.74:120,0.79:160,0.81:40,0.9:6.92,0.91:40,0.96:7.18,0.97:5000,0.98:7556.62,0.99:45328.83
1786858512.239,sol-updown-4h-1786852800,bid,0.18:200,0.05:27.96,0.04:25,0.03:49.54,0.02:69.35,0.01:2033.87
1786858512.239,sol-updown-4h-1786852800,ask,0.19:56,0.21:206,0.22:11,0.23:6,0.24:6,0.25:6,0.26:6,0.27:6,0.28:6,0.29:6,0.3:6,0.31:6,0.32:6,0.33:6,0.34:6,0.35:6,0.36:6,0.37:6,0.38:6,0.39:6,0.4:156,0.41:6,0.42:6,0.43:6,0.44:6,0.45:6,0.46:6,0.47:6,0.48:6,0.49:6,0.5:16,0.51:6,0.52:6,0.53:6,0.54:6,0.55:6,0.56:6,0.57:6,0.58:6,0.59:6,0.6:6,0.61:6,0.62:6,0.63:6,0.64:6,0.65:6,0.66:6,0.67:6,0.68:6,0.69:6,0.7:6,0.71:6,0.72:6,0.73:6,0.74:6,0.75:6,0.76:6,0.77:6,0.78:6,0.79:6,0.8:6,0.81:6,0.82:6,0.83:6,0.9:2000,0.94:9.53,0.95:3920,0.96:25,0.97:33.33,0.98:69.91,0.99:16027
1786858512.593,btc-updown-5m-1786860300,bid,0.49:127.63,0.48:54,0.47:164.64,0.46:70,0.45:93,0.44:240,0.43:94,0.42:94,0.41:112,0.4:362,0.38:10,0.37:10,0.36:360,0.35:5,0.34:15,0.33:435,0.32:15,0.31:5,0.3:80,0.29:5,0.28:535,0.27:15,0.26:15,0.25:5,0.24:5,0.23:1035,0.22:15,0.21:15,0.2:41,0.19:18,0.18:41,0.17:11,0.16:22,0.15:2943,0.14:57,0.13:28,0.12:90,0.11:91,0.1:3067,0.09:45,0.08:56,0.07:88,0.06:158,0.05:6354.84,0.04:345,0.03:10503,0.02:15565.89,0.01:93520.3
1786858512.593,btc-updown-5m-1786860300,ask,0.5:30,0.51:379.86,0.52:54,0.53:164.64,0.54:70,0.55:93,0.56:240,0.57:114,0.58:94,0.59:112,0.6:362,0.62:10,0.63:10,0.64:360,0.65:5,0.66:15,0.67:435,0.68:15,0.69:5,0.7:80,0.71:5,0.72:535,0.73:15,0.74:15,0.75:5,0.76:5,0.77:1035,0.78:15,0.79:15,0.8:41,0.81:18,0.82:41,0.83:11,0.84:22,0.85:2943,0.86:57,0.87:28,0.88:90,0.89:91,0.9:3067,0.91:45,0.92:56,0.93:88,0.94:128,0.95:6354.89,0.96:345,0.97:10503,0.98:15566,0.99:93447.73
1786858514.403,bitcoin-up-or-down-august-16-2026-1am-et,bid,0.18:14.45,0.17:80,0.16:132.53,0.15:100,0.14:519.5,0.13:196,0.12:200,0.11:328,0.1:302,0.09:237,0.08:150,0.07:150,0.06:210,0.05:50,0.03:208.33,0.02:206.56,0.01:1126.15
1786858514.403,bitcoin-up-or-down-august-16-2026-1am-et,ask,0.19:598,0.2:215,0.21:110,0.22:97,0.23:77,0.24:192,0.25:150,0.26:190,0.27:202,0.28:150,0.29:150,0.3:450,0.31:150,0.32:180,0.33:30,0.34:30,0.35:30,0.36:30,0.37:40,0.38:70,0.39:30,0.45:31.25,0.51:60,0.57:120,0.65:10,0.67:20,0.75:5.2,0.8:10,0.9:20,0.93:8.57,0.94:2333.33,0.95:3900,0.98:9.99,0.99:14425
1786858514.573,btc-updown-4h-1786852800,bid,0.23:361.49,0.22:56,0.21:26,0.2:11,0.19:150,0.18:12.24,0.17:606,0.14:44.71,0.13:11,0.11:300,0.1:10,0.08:50,0.07:179.65,0.06:166.6,0.05:227.37,0.04:275,0.03:375.59,0.02:117.16,0.01:7833.17
1786858514.573,btc-updown-4h-1786852800,ask,0.24:61,0.25:256,0.26:407.73,0.27:6,0.28:206,0.29:6,0.3:6,0.31:566,0.32:6,0.33:6,0.34:56,0.35:6,0.36:6,0.37:26,0.38:6,0.39:12,0.4:6,0.41:6,0.42:11,0.43:26,0.44:6,0.45:6,0.46:6,0.47:6,0.48:6,0.49:55.99,0.5:56,0.51:6,0.52:6,0.53:6,0.54:6,0.55:6,0.56:7,0.57:6,0.58:6,0.59:6,0.6:11,0.61:31.14,0.62:6,0.63:6,0.64:6,0.65:6,0.66:6,0.67:6,0.68:6,0.69:6,0.7:11,0.71:6,0.72:6,0.73:6,0.74:6,0.75:6,0.76:6,0.77:6,0.78:6,0.79:6,0.8:6,0.81:6,0.82:6,0.83:6,0.84:5,0.89:300,0.9:2015,0.94:7.41,0.95:20,0.96:4175,0.97:33.33,0.98:79.77,0.99:16677.25
1786858514.748,eth-updown-4h-1786852800,bid,0.24:11,0.23:6,0.22:26,0.21:17,0.2:6,0.19:6,0.18:36,0.17:56,0.16:100,0.11:50,0.1:40,0.06:10,0.05:27.85,0.04:25,0.03:240.34,0.02:69.26,0.01:3282.4
1786858514.748,eth-updown-4h-1786852800,ask,0.25:40,0.26:150,0.27:220,0.28:6,0.29:6,0.3:17,0.31:6,0.32:6,0.33:6,0.34:11,0.35:6,0.36:406,0.37:16,0.38:6,0.39:6,0.4:6,0.41:6,0.42:6,0.43:46,0.44:6,0.45:6,0.46:6,0.47:7,0.48:55.99,0.49:6,0.5:6,0.51:6,0.52:6,0.53:6,0.54:6,0.55:6,0.56:6,0.57:6,0.58:6,0.59:6,0.6:6,0.61:6,0.62:6,0.63:6,0.64:6,0.65:6,0.66:6,0.67:6,0.68:6,0.69:6,0.7:6,0.71:6,0.72:6,0.73:6,0.74:6,0.75:6,0.76:6,0.77:6,0.78:6,0.79:6,0.8:6,0.81:6,0.82:6,0.83:6,0.9:2172,0.94:8.92,0.95:20,0.96:25,0.97:33.33,0.98:6075.24,0.99:17177.25
1786858514.921,ethereum-up-or-down-august-16-2026-1am-et,bid,0.24:70,0.23:199,0.22:83,0.19:120,0.17:120,0.16:270,0.15:126,0.14:120,0.12:20,0.1:20,0.09:20,0.04:8.6,0.03:21.53,0.02:75,0.01:4320.98
1786858514.921,ethereum-up-or-down-august-16-2026-1am-et,ask,0.25:13.93,0.26:225,0.27:110,0.28:5,0.3:20,0.32:120,0.34:120,0.39:200,0.41:10,0.42:10,0.43:10,0.5:6,0.65:10,0.75:80,0.87:60,0.88:12.43,0.93:7.94,0.94:2333.33,0.98:6034.63,0.99:14315.15
1786858515.089,sol-updown-15m-1786876200,bid,0.5:1,0.49:375,0.48:20,0.47:259.22,0.44:20,0.43:20,0.42:24,0.41:70,0.4:30,0.39:32,0.38:40,0.36:44,0.34:50,0.31:40,0.3:80,0.26:120,0.21:200,0.12:5.28,0.11:40,0.04:8.81,0.03:5000,0.02:7556.4,0.01:45328.58
1786858515.089,sol-updown-15m-1786876200,ask,0.51:85.53,0.52:5,0.53:547.84,0.54:20,0.56:10,0.57:10,0.58:16,0.59:24,0.6:28,0.61:72,0.62:36,0.64:40,0.66:50,0.7:80,0.71:40,0.74:120,0.79:160,0.81:40,0.9:6.92,0.91:40,0.96:7.18,0.97:5000,0.98:7556.62,0.99:45328.83
1786858515.266,sol-updown-4h-1786852800,bid,0.18:200,0.11:11,0.05:27.96,0.04:25,0.03:39.54,0.02:79.35,0.01:2033.87
1786858515.266,sol-updown-4h-1786852800,ask,0.19:56,0.2:11,0.21:206,0.22:11,0.23:6,0.24:6,0.25:6,0.26:6,0.27:6,0.28:6,0.29:6,0.3:6,0.31:6,0.32:6,0.33:6,0.34:6,0.35:6,0.36:6,0.37:156,0.38:6,0.39:6,0.4:6,0.41:6,0.42:6,0.43:6,0.44:6,0.45:6,0.46:6,0.47:6,0.48:6,0.49:6,0.5:16,0.51:6,0.52:6,0.53:6,0.54:6,0.55:6,0.56:6,0.57:6,0.58:6,0.59:6,0.6:6,0.61:6,0.62:6,0.63:6,0.64:6,0.65:6,0.66:6,0.67:6,0.68:6,0.69:6,0.7:6,0.71:6,0.72:6,0.73:6,0.74:6,0.75:6,0.76:6,0.77:6,0.78:6,0.79:6,0.8:6,0.81:6,0.82:6,0.83:6,0.9:2000,0.94:9.53,0.95:3920,0.96:25,0.97:33.33,0.98:69.91,0.99:16027
1786858515.617,btc-updown-5m-1786860300,bid,0.49:127.63,0.48:54,0.47:164.64,0.46:70,0.45:93,0.44:240,0.43:94,0.42:94,0.41:112,0.4:362,0.38:10,0.37:10,0.36:360,0.35:5,0.34:15,0.33:435,0.32:15,0.31:5,0.3:80,0.29:5,0.28:535,0.27:15,0.26:15,0.25:5,0.24:5,0.23:1035,0.22:15,0.21:15,0.2:41,0.19:18,0.18:41,0.17:11,0.16:22,0.15:2943,0.14:57,0.13:28,0.12:90,0.11:91,0.1:3067,0.09:45,0.08:56,0.07:88,0.06:158,0.05:6354.84,0.04:345,0.03:10503,0.02:15565.89,0.01:93520.3
1786858515.617,btc-updown-5m-1786860300,ask,0.5:30,0.51:379.86,0.52:54,0.53:164.64,0.54:70,0.55:93,0.56:240,0.57:114,0.58:94,0.59:112,0.6:362,0.62:10,0.63:10,0.64:360,0.65:5,0.66:15,0.67:435,0.68:15,0.69:5,0.7:80,0.71:5,0.72:535,0.73:15,0.74:15,0.75:5,0.76:5,0.77:1035,0.78:15,0.79:15,0.8:41,0.81:18,0.82:41,0.83:11,0.84:22,0.85:2943,0.86:57,0.87:28,0.88:90,0.89:91,0.9:3067,0.91:45,0.92:56,0.93:88,0.94:128,0.95:6354.89,0.96:345,0.97:10503,0.98:15566,0.99:93447.73
1786858517.366,bitcoin-up-or-down-august-16-2026-1am-et,bid,0.18:14.45,0.17:119,0.16:76,0.15:125.53,0.14:519.5,0.13:196,0.12:200,0.11:328,0.1:302,0.09:237,0.08:150,0.07:150,0.06:210,0.05:50,0.03:208.33,0.02:206.56,0.01:1126.15
1786858517.366,bitcoin-up-or-down-august-16-2026-1am-et,ask,0.19:614,0.2:223,0.21:110,0.22:97,0.23:77,0.24:192,0.25:150,0.26:190,0.27:202,0.28:150,0.29:150,0.3:450,0.31:150,0.32:180,0.33:30,0.34:30,0.35:30,0.36:30,0.37:40,0.38:70,0.39:30,0.45:31.25,0.51:60,0.55:120,0.65:10,0.67:20,0.75:5.2,0.8:10,0.9:20,0.93:8.57,0.94:2333.33,0.95:3900,0.98:9.99,0.99:14425
1786858517.538,btc-updown-4h-1786852800,bid,0.23:361.49,0.22:56,0.21:26,0.2:11,0.19:150,0.18:12.24,0.17:606,0.14:44.71,0.13:11,0.11:300,0.1:10,0.08:50,0.07:179.65,0.06:166.6,0.05:227.37,0.04:275,0.03:375.59,0.02:117.16,0.01:7833.17
1786858517.538,btc-updown-4h-1786852800,ask,0.24:61,0.25:256,0.26:407.73,0.27:6,0.28:206,0.29:6,0.3:6,0.31:566,0.32:6,0.33:6,0.34:56,0.35:6,0.36:6,0.37:26,0.38:6,0.39:12,0.4:6,0.41:6,0.42:11,0.43:26,0.44:6,0.45:6,0.46:6,0.47:6,0.48:6,0.49:55.99,0.5:56,0.51:6,0.52:6,0.53:6,0.54:6,0.55:6,0.56:7,0.57:6,0.58:6,0.59:6,0.6:11,0.61:31.14,0.62:6,0.63:6,0.64:6,0.65:6,0.66:6,0.67:6,0.68:6,0.69:6,0.7:11,0.71:6,0.72:6,0.73:6,0.74:6,0.75:6,0.76:6,0.77:6,0.78:6,0.79:6,0.8:6,0.81:6,0.82:6,0.83:6,0.84:5,0.89:300,0.9:2015,0.94:7.41,0.95:20,0.96:4175,0.97:33.33,0.98:79.77,0.99:16677.25
1786858517.722,eth-updown-4h-1786852800,bid,0.24:11,0.23:6,0.22:26,0.21:17,0.2:6,0.19:6,0.18:36,0.17:56,0.16:100,0.11:50,0.1:40,0.06:10,0.05:27.85,0.04:225,0.03:40.34,0.02:69.26,0.01:3282.4
1786858517.722,eth-updown-4h-1786852800,ask,0.25:40,0.26:150,0.27:220,0.28:6,0.29:6,0.3:17,0.31:6,0.32:6,0.33:6,0.34:11,0.35:6,0.36:406,0.37:16,0.38:6,0.39:6,0.4:6,0.41:6,0.42:6,0.43:46,0.44:6,0.45:6,0.46:6,0.47:7,0.48:55.99,0.49:6,0.5:6,0.51:6,0.52:6,0.53:6,0.54:6,0.55:6,0.56:6,0.57:6,0.58:6,0.59:6,0.6:6,0.61:6,0.62:6,0.63:6,0.64:6,0.65:6,0.66:6,0.67:6,0.68:6,0.69:6,0.7:6,0.71:6,0.72:6,0.73:6,0.74:6,0.75:6,0.76:6,0.77:6,0.78:6,0.79:6,0.8:6,0.81:6,0.82:6,0.83:6,0.9:2172,0.94:8.92,0.95:20,0.96:25,0.97:33.33,0.98:6075.24,0.99:17177.25
1786858517.892,ethereum-up-or-down-august-16-2026-1am-et,bid,0.24:20,0.23:199,0.22:83,0.19:170,0.18:120,0.17:120,0.16:270,0.15:126,0.14:120,0.12:120,0.11:140,0.08:20,0.04:8.6,0.03:21.53,0.02:75,0.01:14320.98
1786858517.892,ethereum-up-or-down-august-16-2026-1am-et,ask,0.25:33.93,0.26:225,0.27:299,0.28:5,0.3:140,0.31:120,0.32:120,0.34:120,0.35:120,0.38:120,0.39:200,0.41:10,0.42:10,0.43:10,0.5:6,0.65:10,0.75:80,0.87:60,0.88:12.43,0.93:7.94,0.94:2333.33,0.98:6034.63,0.99:14315.15
1786858518.061,sol-updown-15m-1786876200,bid,0.5:1,0.49:375,0.48:20,0.47:259.22,0.44:20,0.43:20,0.42:24,0.41:70,0.4:30,0.39:32,0.38:40,0.36:44,0.34:50,0.31:40,0.3:80,0.26:120,0.21:200,0.12:5.28,0.11:40,0.04:8.81,0.03:5000,0.02:7556.4,0.01:45328.58
1786858518.061,sol-updown-15m-1786876200,ask,0.51:85.53,0.52:5,0.53:547.84,0.54:20,0.56:10,0.57:10,0.58:16,0.59:24,0.6:28,0.61:72,0.62:36,0.64:40,0.66:50,0.7:80,0.71:40,0.74:120,0.79:160,0.81:40,0.9:6.92,0.91:40,0.96:7.18,0.97:5000,0.98:7556.62,0.99:45328.83
1786858518.237,sol-updown-4h-1786852800,bid,0.18:200,0.11:11,0.05:27.96,0.04:25,0.03:39.54,0.02:79.35,0.01:2033.87
1786858518.237,sol-updown-4h-1786852800,ask,0.19:56,0.2:11,0.21:206,0.22:6,0.23:6,0.24:6,0.25:6,0.26:6,0.27:6,0.28:6,0.29:6,0.3:6,0.31:6,0.32:6,0.33:6,0.34:6,0.35:6,0.36:6,0.37:6,0.38:6,0.39:156,0.4:6,0.41:6,0.42:6,0.43:6,0.44:6,0.45:6,0.46:6,0.47:6,0.48:6,0.49:16,0.5:6,0.51:6,0.52:6,0.53:6,0.54:6,0.55:6,0.56:6,0.57:6,0.58:6,0.59:6,0.6:6,0.61:6,0.62:6,0.63:6,0.64:6,0.65:6,0.66:6,0.67:6,0.68:6,0.69:6,0.7:6,0.71:6,0.72:6,0.73:6,0.74:6,0.75:6,0.76:6,0.77:6,0.78:6,0.79:6,0.8:6,0.81:6,0.82:6,0.83:6,0.9:2000,0.94:9.53,0.95:3920,0.96:25,0.97:33.33,0.98:69.91,0.99:16027
1786858518.578,btc-updown-5m-1786860300,bid,0.49:127.63,0.48:54,0.47:164.64,0.46:70,0.45:93,0.44:240,0.43:94,0.42:94,0.41:112,0.4:362,0.38:10,0.37:10,0.36:360,0.35:5,0.34:15,0.33:435,0.32:15,0.31:5,0.3:80,0.29:5,0.28:535,0.27:15,0.26:15,0.25:5,0.24:5,0.23:1035,0.22:15,0.21:15,0.2:41,0.19:18,0.18:41,0.17:11,0.16:22,0.15:2943,0.14:57,0.13:28,0.12:90,0.11:91,0.1:3067,0.09:45,0.08:56,0.07:88,0.06:158,0.05:6354.84,0.04:345,0.03:10503,0.02:15565.89,0.01:93520.3
1786858518.578,btc-updown-5m-1786860300,ask,0.5:30,0.51:379.86,0.52:54,0.53:164.64,0.54:70,0.55:93,0.56:240,0.57:114,0.58:94,0.59:112,0.6:362,0.62:10,0.63:10,0.64:360,0.65:5,0.66:15,0.67:435,0.68:15,0.69:5,0.7:80,0.71:5,0.72:535,0.73:15,0.74:15,0.75:5,0.76:5,0.77:1035,0.78:15,0.79:15,0.8:41,0.81:18,0.82:41,0.83:11,0.84:22,0.85:2943,0.86:57,0.87:28,0.88:90,0.89:91,0.9:3067,0.91:45,0.92:56,0.93:88,0.94:128,0.95:6354.89,0.96:345,0.97:10503,0.98:15566,0.99:93447.73
1786858520.388,bitcoin-up-or-down-august-16-2026-1am-et,bid,0.18:14.45,0.17:119,0.16:76,0.15:125.53,0.14:519.5,0.13:196,0.12:200,0.11:328,0.1:302,0.09:237,0.08:150,0.07:150,0.06:210,0.05:50,0.03:208.33,0.02:206.56,0.01:1126.15
1786858520.388,bitcoin-up-or-down-august-16-2026-1am-et,ask,0.19:606,0.2:231,0.21:140,0.22:97,0.23:77,0.24:192,0.25:150,0.26:190,0.27:202,0.28:150,0.29:150,0.3:450,0.31:150,0.32:180,0.33:30,0.34:30,0.35:30,0.36:30,0.37:40,0.38:70,0.39:30,0.45:31.25,0.51:60,0.55:120,0.65:10,0.67:20,0.75:5.2,0.8:10,0.9:20,0.93:8.57,0.94:2333.33,0.95:3900,0.98:9.99,0.99:14425
1786858520.555,btc-updown-4h-1786852800,bid,0.23:361.49,0.22:56,0.21:26,0.2:11,0.19:150,0.18:12.24,0.17:606,0.14:44.71,0.11:300,0.1:10,0.08:50,0.07:179.65,0.06:166.6,0.05:227.37,0.04:275,0.03:375.59,0.02:117.16,0.01:7833.17
1786858520.555,btc-updown-4h-1786852800,ask,0.24:61,0.25:256,0.26:407.73,0.27:6,0.28:206,0.29:6,0.3:6,0.31:566,0.32:6,0.33:6,0.34:56,0.35:6,0.36:6,0.37:26,0.38:6,0.39:12,0.4:6,0.41:6,0.42:11,0.43:26,0.44:6,0.45:6,0.46:6,0.47:6,0.48:6,0.49:55.99,0.5:56,0.51:6,0.52:6,0.53:6,0.54:6,0.55:6,0.56:7,0.57:6,0.58:6,0.59:6,0.6:11,0.61:31.14,0.62:6,0.63:6,0.64:6,0.65:6,0.66:6,0.67:6,0.68:6,0.69:6,0.7:11,0.71:6,0.72:6,0.73:6,0.74:6,0.75:6,0.76:6,0.77:6,0.78:6,0.79:6,0.8:6,0.81:6,0.82:6,0.83:6,0.84:5,0.89:300,0.9:2015,0.94:7.41,0.95:20,0.96:4175,0.97:33.33,0.98:79.77,0.99:16677.25
1786858520.754,eth-updown-4h-1786852800,bid,0.24:11,0.23:6,0.22:26,0.21:6,0.2:6,0.19:6,0.18:36,0.17:56,0.16:100,0.11:50,0.1:40,0.06:10,0.05:27.85,0.04:25,0.03:240.34,0.02:69.26,0.01:3282.4
1786858520.754,eth-updown-4h-1786852800,ask,0.25:40,0.26:150,0.27:220,0.28:6,0.29:6,0.3:6,0.31:6,0.32:6,0.33:6,0.34:11,0.35:6,0.36:406,0.37:16,0.38:6,0.39:6,0.4:6,0.41:6,0.42:6,0.43:46,0.44:6,0.45:6,0.46:6,0.47:7,0.48:55.99,0.49:6,0.5:6,0.51:6,0.52:6,0.53:6,0.54:6,0.55:6,0.56:6,0.57:6,0.58:6,0.59:6,0.6:6,0.61:6,0.62:6,0.63:6,0.64:6,0.65:6,0.66:6,0.67:6,0.68:6,0.69:6,0.7:6,0.71:6,0.72:6,0.73:6,0.74:6,0.75:6,0.76:6,0.77:6,0.78:6,0.79:6,0.8:6,0.81:6,0.82:6,0.83:6,0.9:2172,0.94:8.92,0.95:20,0.96:25,0.97:33.33,0.98:6075.24,0.99:17177.25
1786858520.923,ethereum-up-or-down-august-16-2026-1am-et,bid,0.24:20,0.23:199,0.22:83,0.19:170,0.18:120,0.17:120,0.16:270,0.15:126,0.14:120,0.12:120,0.11:140,0.09:20,0.08:20,0.04:8.6,0.03:21.53,0.02:75,0.01:4320.98
1786858520.923,ethereum-up-or-down-august-16-2026-1am-et,ask,0.25:23.93,0.26:185,0.27:299,0.28:45,0.3:140,0.31:120,0.32:120,0.33:120,0.34:120,0.35:120,0.36:120,0.37:120,0.38:120,0.39:200,0.41:10,0.42:10,0.43:10,0.5:6,0.65:10,0.74:60,0.75:80,0.88:12.43,0.93:7.94,0.94:2333.33,0.98:6034.63,0.99:14315.15
1786858521.098,sol-updown-15m-1786876200,bid,0.5:1,0.49:375,0.48:20,0.47:259.22,0.44:20,0.43:20,0.42:24,0.41:70,0.4:30,0.39:32,0.38:40,0.36:44,0.34:50,0.31:40,0.3:80,0.26:120,0.21:200,0.12:5.28,0.11:40,0.04:8.81,0.03:5000,0.02:7556.4,0.01:45328.58
1786858521.098,sol-updown-15m-1786876200,ask,0.51:85.53,0.52:5,0.53:547.84,0.54:20,0.56:10,0.57:10,0.58:16,0.59:24,0.6:28,0.61:72,0.62:36,0.64:40,0.66:50,0.7:80,0.71:40,0.74:120,0.79:160,0.81:40,0.9:6.92,0.91:40,0.96:7.18,0.97:5000,0.98:7556.62,0.99:45328.83
1786858521.266,sol-updown-4h-1786852800,bid,0.18:200,0.05:27.96,0.04:25,0.03:39.54,0.02:79.35,0.01:2033.87
1786858521.266,sol-updown-4h-1786852800,ask,0.19:56,0.21:211,0.22:6,0.23:6,0.24:6,0.25:6,0.26:6,0.27:6,0.28:6,0.29:6,0.3:6,0.31:6,0.32:6,0.33:6,0.34:6,0.35:6,0.36:6,0.37:6,0.38:6,0.39:156,0.4:6,0.41:6,0.42:6,0.43:6,0.44:6,0.45:6,0.46:6,0.47:6,0.48:6,0.49:16,0.5:6,0.51:6,0.52:6,0.53:6,0.54:6,0.55:6,0.56:6,0.57:6,0.58:6,0.59:6,0.6:6,0.61:6,0.62:6,0.63:6,0.64:6,0.65:6,0.66:6,0.67:6,0.68:6,0.69:6,0.7:6,0.71:6,0.72:6,0.73:6,0.74:6,0.75:6,0.76:6,0.77:6,0.78:6,0.79:6,0.8:6,0.81:6,0.82:6,0.83:6,0.9:2000,0.94:9.53,0.95:3920,0.96:25,0.97:33.33,0.98:69.91,0.99:16027
1786858521.604,btc-updown-5m-1786860300,bid,0.49:127.63,0.48:69.62,0.47:190.17,0.46:102.6,0.45:98,0.44:267.27,0.43:121.9,0.42:94,0.41:112,0.4:362,0.38:10,0.37:10,0.36:360,0.35:5,0.34:15,0.33:435,0.32:15,0.31:5,0.3:80,0.29:5,0.28:535,0.27:15,0.26:15,0.25:5,0.24:5,0.23:1035,0.22:15,0.21:15,0.2:41,0.19:18,0.18:41,0.17:11,0.16:22,0.15:2943,0.14:57,0.13:28,0.12:90,0.11:91,0.1:3067,0.09:45,0.08:56,0.07:88,0.06:158,0.05:6354.84,0.04:345,0.03:10503,0.02:15565.89,0.01:93520.3
1786858521.604,btc-updown-5m-1786860300,ask,0.5:30,0.51:379.86,0.52:54,0.53:164.64,0.54:70,0.55:93,0.56:240,0.57:114,0.58:94,0.59:112,0.6:362,0.62:10,0.63:10,0.64:360,0.65:5,0.66:15,0.67:435,0.68:15,0.69:5,0.7:80,0.71:5,0.72:535,0.73:15,0.74:15,0.75:5,0.76:5,0.77:1035,0.78:15,0.79:15,0.8:41,0.81:18,0.82:41,0.83:11,0.84:22,0.85:2943,0.86:57,0.87:28,0.88:90,0.89:91,0.9:3067,0.91:45,0.92:56,0.93:88,0.94:128,0.95:6354.89,0.96:345,0.97:10503,0.98:15566,0.99:93447.73
1786858523.400,bitcoin-up-or-down-august-16-2026-1am-et,bid,0.18:14.45,0.17:119,0.16:76,0.15:125.53,0.14:519.5,0.13:196,0.12:200,0.11:328,0.1:302,0.09:237,0.08:150,0.07:150,0.06:210,0.05:50,0.03:208.33,0.02:206.56,0.01:1126.15
1786858523.400,bitcoin-up-or-down-august-16-2026-1am-et,ask,0.19:606,0.2:231,0.21:140,0.22:97,0.23:77,0.24:192,0.25:150,0.26:190,0.27:202,0.28:150,0.29:150,0.3:450,0.31:150,0.32:180,0.33:30,0.34:30,0.35:30,0.36:30,0.37:40,0.38:70,0.39:30,0.45:31.25,0.51:60,0.55:120,0.65:10,0.67:20,0.75:5.2,0.8:10,0.9:20,0.93:8.57,0.94:2333.33,0.95:3900,0.98:9.99,0.99:14425
1786858523.578,btc-updown-4h-1786852800,bid,0.23:361.49,0.22:56,0.21:26,0.2:11,0.19:150,0.18:12.24,0.17:606,0.14:44.71,0.13:11,0.11:300,0.1:10,0.08:50,0.07:179.65,0.06:166.6,0.05:227.37,0.04:275,0.03:375.59,0.02:117.16,0.01:7833.17
1786858523.578,btc-updown-4h-1786852800,ask,0.24:61,0.25:256,0.26:407.73,0.27:6,0.28:206,0.29:6,0.3:6,0.31:566,0.32:6,0.33:6,0.34:56,0.35:6,0.36:6,0.37:26,0.38:6,0.39:12,0.4:6,0.41:6,0.42:11,0.43:26,0.44:6,0.45:6,0.46:6,0.47:6,0.48:6,0.49:55.99,0.5:56,0.51:6,0.52:6,0.53:6,0.54:6,0.55:6,0.56:7,0.57:6,0.58:6,0.59:6,0.6:11,0.61:31.14,0.62:6,0.63:6,0.64:6,0.65:6,0.66:6,0.67:6,0.68:6,0.69:6,0.7:11,0.71:6,0.72:6,0.73:6,0.74:6,0.75:6,0.76:6,0.77:6,0.78:6,0.79:6,0.8:6,0.81:6,0.82:6,0.83:6,0.84:5,0.89:300,0.9:2015,0.94:7.41,0.95:20,0.96:4175,0.97:33.33,0.98:79.77,0.99:16677.25
1786858523.753,eth-updown-4h-1786852800,bid,0.24:11,0.23:6,0.22:26,0.21:6,0.2:6,0.19:6,0.18:36,0.17:56,0.16:100,0.11:50,0.1:40,0.06:10,0.05:27.85,0.04:25,0.03:240.34,0.02:69.26,0.01:3282.4
1786858523.753,eth-updown-4h-1786852800,ask,0.25:40,0.26:150,0.27:220,0.28:6,0.29:6,0.3:6,0.31:6,0.32:6,0.33:6,0.34:11,0.35:6,0.36:406,0.37:16,0.38:6,0.39:6,0.4:6,0.41:6,0.42:6,0.43:46,0.44:6,0.45:6,0.46:6,0.47:7,0.48:55.99,0.49:6,0.5:6,0.51:6,0.52:6,0.53:6,0.54:6,0.55:6,0.56:6,0.57:6,0.58:6,0.59:6,0.6:6,0.61:6,0.62:6,0.63:6,0.64:6,0.65:6,0.66:6,0.67:6,0.68:6,0.69:6,0.7:6,0.71:6,0.72:6,0.73:6,0.74:6,0.75:6,0.76:6,0.77:6,0.78:6,0.79:6,0.8:6,0.81:6,0.82:6,0.83:6,0.9:2172,0.94:8.92,0.95:20,0.96:25,0.97:33.33,0.98:6075.24,0.99:17177.25
1786858523.924,ethereum-up-or-down-august-16-2026-1am-et,bid,0.24:20,0.23:199,0.22:83,0.19:170,0.18:120,0.17:120,0.16:120,0.15:126,0.14:120,0.12:120,0.11:140,0.1:20,0.08:20,0.04:8.6,0.03:21.53,0.02:75,0.01:4320.98
1786858523.924,ethereum-up-or-down-august-16-2026-1am-et,ask,0.25:73.93,0.26:35,0.27:299,0.28:45,0.3:140,0.31:120,0.32:120,0.33:120,0.34:120,0.35:120,0.36:120,0.37:120,0.38:120,0.39:200,0.41:10,0.42:10,0.43:10,0.5:6,0.65:10,0.74:60,0.75:80,0.88:12.43,0.93:7.94,0.94:2333.33,0.98:6034.63,0.99:14315.15
1786858524.100,sol-updown-15m-1786876200,bid,0.5:1,0.49:375,0.48:20,0.47:259.22,0.44:20,0.43:20,0.42:24,0.41:70,0.4:30,0.39:32,0.38:40,0.36:44,0.34:50,0.31:40,0.3:80,0.26:120,0.21:200,0.12:5.28,0.11:40,0.04:8.81,0.03:5000,0.02:7556.4,0.01:45328.58
1786858524.100,sol-updown-15m-1786876200,ask,0.51:85.53,0.52:5,0.53:547.84,0.54:20,0.56:10,0.57:10,0.58:16,0.59:24,0.6:28,0.61:72,0.62:36,0.64:40,0.66:50,0.7:80,0.71:40,0.74:120,0.79:160,0.81:40,0.9:6.92,0.91:40,0.96:7.18,0.97:5000,0.98:7556.62,0.99:45328.83
1786858524.270,sol-updown-4h-1786852800,bid,0.18:200,0.11:11,0.05:27.96,0.04:25,0.03:39.54,0.02:79.35,0.01:2033.87
1786858524.270,sol-updown-4h-1786852800,ask,0.19:56,0.2:11,0.21:211,0.22:6,0.23:6,0.24:6,0.25:6,0.26:6,0.27:6,0.28:6,0.29:6,0.3:6,0.31:6,0.32:6,0.33:6,0.34:6,0.35:6,0.36:6,0.37:6,0.38:6,0.39:156,0.4:6,0.41:6,0.42:6,0.43:6,0.44:6,0.45:6,0.46:6,0.47:6,0.48:6,0.49:16,0.5:6,0.51:6,0.52:6,0.53:6,0.54:6,0.55:6,0.56:6,0.57:6,0.58:6,0.59:6,0.6:6,0.61:6,0.62:6,0.63:6,0.64:6,0.65:6,0.66:6,0.67:6,0.68:6,0.69:6,0.7:6,0.71:6,0.72:6,0.73:6,0.74:6,0.75:6,0.76:6,0.77:6,0.78:6,0.79:6,0.8:6,0.81:6,0.82:6,0.83:6,0.9:2000,0.94:9.53,0.95:3920,0.96:25,0.97:33.33,0.98:69.91,0.99:16027
1786858524.601,btc-updown-5m-1786860300,bid,0.49:127.63,0.48:69.62,0.47:190.17,0.46:102.6,0.45:98,0.44:267.27,0.43:121.9,0.42:99,0.41:130.29,0.4:367,0.39:5.01,0.38:29.73,0.37:10,0.36:360,0.35:5,0.34:15,0.33:435,0.32:15,0.31:5,0.3:80,0.29:5,0.28:535,0.27:15,0.26:15,0.25:5,0.24:5,0.23:1035,0.22:15,0.21:15,0.2:41,0.19:18,0.18:41,0.17:11,0.16:22,0.15:2943,0.14:57,0.13:28,0.12:90,0.11:91,0.1:3067,0.09:45,0.08:56,0.07:88,0.06:158,0.05:6354.84,0.04:345,0.03:10503,0.02:15565.89,0.01:93520.3
1786858524.601,btc-updown-5m-1786860300,ask,0.5:30,0.51:379.86,0.52:54,0.53:164.64,0.54:70,0.55:93,0.56:240,0.57:114,0.58:94,0.59:112,0.6:362,0.62:10,0.63:10,0.64:360,0.65:5,0.66:15,0.67:435,0.68:15,0.69:5,0.7:80,0.71:5,0.72:535,0.73:15,0.74:15,0.75:5,0.76:5,0.77:1035,0.78:15,0.79:15,0.8:41,0.81:18,0.82:41,0.83:11,0.84:22,0.85:2943,0.86:57,0.87:28,0.88:90,0.89:91,0.9:3067,0.91:45,0.92:56,0.93:88,0.94:128,0.95:6354.89,0.96:345,0.97:10503,0.98:15566,0.99:93447.73
1786858526.384,bitcoin-up-or-down-august-16-2026-1am-et,bid,0.18:14.45,0.17:119,0.16:76,0.15:125.53,0.14:519.5,0.13:196,0.12:200,0.11:328,0.1:302,0.09:237,0.08:150,0.07:150,0.06:210,0.05:50,0.03:208.33,0.02:206.56,0.01:1126.15
1786858526.384,bitcoin-up-or-down-august-16-2026-1am-et,ask,0.19:606,0.2:231,0.21:110,0.22:97,0.23:77,0.24:192,0.25:150,0.26:190,0.27:202,0.28:150,0.29:150,0.3:450,0.31:150,0.32:180,0.33:30,0.34:30,0.35:30,0.36:30,0.37:40,0.38:70,0.39:30,0.45:31.25,0.51:60,0.55:120,0.65:10,0.67:20,0.75:5.2,0.8:10,0.9:20,0.93:8.57,0.94:2333.33,0.95:3900,0.98:9.99,0.99:14425
1786858526.560,btc-updown-4h-1786852800,bid,0.23:361.49,0.22:56,0.21:26,0.2:11,0.19:150,0.18:12.24,0.17:606,0.14:44.71,0.13:11,0.11:300,0.1:10,0.08:50,0.07:179.65,0.06:166.6,0.05:227.37,0.04:275,0.03:375.59,0.02:117.16,0.01:7833.17
1786858526.560,btc-updown-4h-1786852800,ask,0.24:61,0.25:256,0.26:407.73,0.27:6,0.28:206,0.29:6,0.3:6,0.31:566,0.32:6,0.33:6,0.34:56,0.35:6,0.36:6,0.37:26,0.38:6,0.39:12,0.4:6,0.41:6,0.42:11,0.43:26,0.44:6,0.45:6,0.46:6,0.47:6,0.48:6,0.49:55.99,0.5:56,0.51:6,0.52:6,0.53:6,0.54:6,0.55:6,0.56:7,0.57:6,0.58:6,0.59:6,0.6:11,0.61:31.14,0.62:6,0.63:6,0.64:6,0.65:6,0.66:6,0.67:6,0.68:6,0.69:6,0.7:11,0.71:6,0.72:6,0.73:6,0.74:6,0.75:6,0.76:6,0.77:6,0.78:6,0.79:6,0.8:6,0.81:6,0.82:6,0.83:6,0.84:5,0.89:300,0.9:2015,0.94:7.41,0.95:20,0.96:4175,0.97:33.33,0.98:79.77,0.99:16677.25
1786858526.717,eth-updown-4h-1786852800,bid,0.24:11,0.23:6,0.22:26,0.21:6,0.2:6,0.19:6,0.18:36,0.17:56,0.16:100,0.11:50,0.1:40,0.06:10,0.05:27.85,0.04:25,0.03:240.34,0.02:69.26,0.01:3282.4
1786858526.717,eth-updown-4h-1786852800,ask,0.25:40,0.26:150,0.27:220,0.28:6,0.29:6,0.3:6,0.31:6,0.32:6,0.33:6,0.34:11,0.35:6,0.36:406,0.37:16,0.38:6,0.39:6,0.4:6,0.41:6,0.42:6,0.43:46,0.44:6,0.45:6,0.46:6,0.47:7,0.48:55.99,0.49:6,0.5:6,0.51:6,0.52:6,0.53:6,0.54:6,0.55:6,0.56:6,0.57:6,0.58:6,0.59:6,0.6:6,0.61:6,0.62:6,0.63:6,0.64:6,0.65:6,0.66:6,0.67:6,0.68:6,0.69:6,0.7:6,0.71:6,0.72:6,0.73:6,0.74:6,0.75:6,0.76:6,0.77:6,0.78:6,0.79:6,0.8:6,0.81:6,0.82:6,0.83:6,0.9:2172,0.94:8.92,0.95:20,0.96:25,0.97:33.33,0.98:6072.01,0.99:17183.69
1786858526.884,ethereum-up-or-down-august-16-2026-1am-et,bid,0.24:20,0.23:199,0.22:83,0.19:120,0.18:170,0.17:120,0.16:120,0.15:126,0.14:270,0.12:120,0.11:140,0.1:20,0.08:20,0.04:8.6,0.03:21.53,0.02:75,0.01:4320.98
1786858526.884,ethereum-up-or-down-august-16-2026-1am-et,ask,0.25:173.93,0.26:35,0.27:299,0.28:40,0.3:140,0.31:120,0.32:120,0.33:120,0.34:120,0.35:120,0.36:120,0.37:120,0.38:120,0.39:200,0.41:10,0.42:10,0.43:10,0.5:6,0.65:10,0.74:60,0.75:80,0.88:12.43,0.93:7.94,0.94:2333.33,0.98:6034.63,0.99:14315.15
1786858527.052,sol-updown-15m-1786876200,bid,0.5:1,0.49:375,0.48:20,0.47:259.22,0.44:20,0.43:20,0.42:24,0.41:70,0.4:30,0.39:32,0.38:40,0.36:44,0.34:50,0.31:40,0.3:80,0.26:120,0.21:200,0.12:5.28,0.11:40,0.04:8.81,0.03:5000,0.02:7556.4,0.01:45328.58
1786858527.052,sol-updown-15m-1786876200,ask,0.51:85.53,0.52:5,0.53:547.84,0.54:20,0.56:10,0.57:10,0.58:16,0.59:24,0.6:28,0.61:72,0.62:36,0.64:40,0.66:50,0.7:80,0.71:40,0.74:120,0.79:160,0.81:40,0.9:6.92,0.91:40,0.96:7.18,0.97:5000,0.98:7556.62,0.99:45328.83
1786858527.217,sol-updown-4h-1786852800,bid,0.18:200,0.11:11,0.05:27.96,0.04:25,0.03:39.54,0.02:79.35,0.01:2033.87
1786858527.217,sol-updown-4h-1786852800,ask,0.19:56,0.2:11,0.21:211,0.22:6,0.23:6,0.24:6,0.25:6,0.26:6,0.27:6,0.28:6,0.29:6,0.3:6,0.31:6,0.32:6,0.33:6,0.34:6,0.35:6,0.36:6,0.37:6,0.38:6,0.39:156,0.4:6,0.41:6,0.42:6,0.43:6,0.44:6,0.45:6,0.46:6,0.47:6,0.48:6,0.49:16,0.5:6,0.51:6,0.52:6,0.53:6,0.54:6,0.55:6,0.56:6,0.57:6,0.58:6,0.59:6,0.6:6,0.61:6,0.62:6,0.63:6,0.64:6,0.65:6,0.66:6,0.67:6,0.68:6,0.69:6,0.7:6,0.71:6,0.72:6,0.73:6,0.74:6,0.75:6,0.76:6,0.77:6,0.78:6,0.79:6,0.8:6,0.81:6,0.82:6,0.83:6,0.9:2000,0.94:9.53,0.95:3920,0.96:25,0.97:33.33,0.98:69.91,0.99:16027
1786858527.554,btc-updown-5m-1786860300,bid,0.49:127.63,0.48:69.62,0.47:190.17,0.46:102.6,0.45:98,0.44:267.27,0.43:121.9,0.42:99,0.41:130.29,0.4:367,0.39:5.01,0.38:29.73,0.37:50.54,0.36:365,0.35:10,0.34:20.01,0.33:440.03,0.32:20,0.31:5,0.3:80,0.29:5,0.28:535,0.27:15,0.26:15,0.25:5,0.24:5,0.23:1035,0.22:15,0.21:15,0.2:41,0.19:18,0.18:41,0.17:11,0.16:22,0.15:2943,0.14:57,0.13:28,0.12:90,0.11:91,0.1:3067,0.09:45,0.08:56,0.07:88,0.06:158,0.05:6354.84,0.04:345,0.03:10503,0.02:15565.89,0.01:93520.3
1786858527.554,btc-updown-5m-1786860300,ask,0.5:30,0.51:379.86,0.52:54,0.53:164.64,0.54:70,0.55:93,0.56:240,0.57:114,0.58:94,0.59:112,0.6:362,0.62:10,0.63:10,0.64:360,0.65:5,0.66:15,0.67:435,0.68:15,0.69:5,0.7:80,0.71:5,0.72:535,0.73:15,0.74:15,0.75:5,0.76:5,0.77:1035,0.78:15,0.79:15,0.8:41,0.81:18,0.82:41,0.83:11,0.84:22,0.85:2943,0.86:57,0.87:28,0.88:90,0.89:91,0.9:3067,0.91:45,0.92:56,0.93:88,0.94:128,0.95:6354.89,0.96:345,0.97:10503,0.98:15566,0.99:93447.73
1786858529.408,bitcoin-up-or-down-august-16-2026-1am-et,bid,0.18:14.45,0.17:119,0.16:76,0.15:254.13,0.14:391,0.13:196,0.12:200,0.11:328,0.1:302,0.09:237,0.08:150,0.07:150,0.06:210,0.05:50,0.03:208.33,0.02:206.56,0.01:1126.15
1786858529.408,bitcoin-up-or-down-august-16-2026-1am-et,ask,0.19:606,0.2:236,0.21:110,0.22:97,0.23:72,0.24:192,0.25:150,0.26:190,0.27:202,0.28:150,0.29:150,0.3:450,0.31:150,0.32:180,0.33:30,0.34:30,0.35:30,0.36:30,0.37:40,0.38:70,0.39:30,0.45:31.25,0.51:60,0.55:120,0.65:10,0.67:20,0.75:5.2,0.8:10,0.9:20,0.93:8.57,0.94:2333.33,0.95:3900,0.98:9.99,0.99:14425
1786858529.579,btc-updown-4h-1786852800,bid,0.23:361.49,0.22:56,0.21:26,0.2:11,0.19:150,0.18:12.24,0.17:606,0.14:44.71,0.13:11,0.11:300,0.1:10,0.08:50,0.07:179.65,0.06:166.6,0.05:227.37,0.04:275,0.03:375.59,0.02:117.16,0.01:7833.17
1786858529.579,btc-updown-4h-1786852800,ask,0.24:61,0.25:256,0.26:407.73,0.27:6,0.28:206,0.29:6,0.3:6,0.31:566,0.32:6,0.33:6,0.34:56,0.35:6,0.36:6,0.37:26,0.38:6,0.39:12,0.4:6,0.41:6,0.42:11,0.43:26,0.44:6,0.45:6,0.46:6,0.47:6,0.48:6,0.49:55.99,0.5:56,0.51:6,0.52:6,0.53:6,0.54:6,0.55:6,0.56:7,0.57:6,0.58:6,0.59:6,0.6:11,0.61:31.14,0.62:6,0.63:6,0.64:6,0.65:6,0.66:6,0.67:6,0.68:6,0.69:6,0.7:11,0.71:6,0.72:6,0.73:6,0.74:6,0.75:6,0.76:6,0.77:6,0.78:6,0.79:6,0.8:6,0.81:6,0.82:6,0.83:6,0.84:5,0.89:300,0.9:2015,0.94:7.41,0.95:20,0.96:4175,0.97:33.33,0.98:79.77,0.99:16677.25
1786858529.752,eth-updown-4h-1786852800,bid,0.24:11,0.23:6,0.22:26,0.21:6,0.2:6,0.19:6,0.18:36,0.17:56,0.16:100,0.11:50,0.1:40,0.06:10,0.05:27.85,0.04:25,0.03:240.34,0.02:69.26,0.01:3282.4
1786858529.752,eth-updown-4h-1786852800,ask,0.25:40,0.26:150,0.27:220,0.28:6,0.29:6,0.3:6,0.31:6,0.32:6,0.33:6,0.34:11,0.35:6,0.36:406,0.37:16,0.38:6,0.39:6,0.4:6,0.41:6,0.42:6,0.43:46,0.44:6,0.45:6,0.46:6,0.47:7,0.48:55.99,0.49:6,0.5:6,0.51:6,0.52:6,0.53:6,0.54:6,0.55:6,0.56:6,0.57:6,0.58:6,0.59:6,0.6:6,0.61:6,0.62:6,0.63:6,0.64:6,0.65:6,0.66:6,0.67:6,0.68:6,0.69:6,0.7:6,0.71:6,0.72:6,0.73:6,0.74:6,0.75:6,0.76:6,0.77:6,0.78:6,0.79:6,0.8:6,0.81:6,0.82:6,0.83:6,0.9:2172,0.94:8.92,0.95:20,0.96:25,0.97:33.33,0.98:6072.01,0.99:17183.69
1786858529.915,ethereum-up-or-down-august-16-2026-1am-et,bid,0.24:20,0.23:199,0.22:83,0.19:120,0.18:170,0.17:120,0.16:120,0.15:126,0.14:270,0.12:120,0.11:140,0.1:20,0.08:20,0.04:8.6,0.03:21.53,0.02:75,0.01:4320.98
1786858529.915,ethereum-up-or-down-august-16-2026-1am-et,ask,0.25:173.93,0.26:35,0.27:299,0.28:40,0.3:140,0.31:120,0.32:120,0.33:120,0.34:120,0.35:120,0.36:120,0.37:120,0.38:120,0.39:200,0.41:10,0.42:10,0.43:10,0.5:6,0.65:10,0.74:60,0.75:80,0.88:12.43,0.93:7.94,0.94:2333.33,0.98:6034.63,0.99:14315.15
1786858530.103,sol-updown-15m-1786876200,bid,0.5:1,0.49:375,0.48:20,0.47:259.22,0.44:20,0.43:20,0.42:24,0.41:70,0.4:30,0.39:32,0.38:40,0.36:44,0.34:50,0.31:40,0.3:80,0.26:120,0.21:200,0.12:5.28,0.11:40,0.04:8.81,0.03:5000,0.02:7556.4,0.01:45328.58
1786858530.103,sol-updown-15m-1786876200,ask,0.51:85.53,0.52:5,0.53:547.84,0.54:20,0.56:10,0.57:10,0.58:16,0.59:24,0.6:28,0.61:72,0.62:36,0.64:40,0.66:50,0.7:80,0.71:40,0.74:120,0.79:160,0.81:40,0.9:6.92,0.91:40,0.96:7.18,0.97:5000,0.98:7556.62,0.99:45328.83
1786858530.281,sol-updown-4h-1786852800,bid,0.18:200,0.11:11,0.05:27.96,0.04:25,0.03:39.54,0.02:79.35,0.01:2033.87
1786858530.281,sol-updown-4h-1786852800,ask,0.19:56,0.2:11,0.21:211,0.22:6,0.23:6,0.24:6,0.25:6,0.26:6,0.27:6,0.28:6,0.29:6,0.3:6,0.31:6,0.32:6,0.33:6,0.34:6,0.35:6,0.36:6,0.37:6,0.38:6,0.39:156,0.4:6,0.41:6,0.42:6,0.43:6,0.44:6,0.45:6,0.46:6,0.47:6,0.48:6,0.49:16,0.5:6,0.51:6,0.52:6,0.53:6,0.54:6,0.55:6,0.56:6,0.57:6,0.58:6,0.59:6,0.6:6,0.61:6,0.62:6,0.63:6,0.64:6,0.65:6,0.66:6,0.67:6,0.68:6,0.69:6,0.7:6,0.71:6,0.72:6,0.73:6,0.74:6,0.75:6,0.76:6,0.77:6,0.78:6,0.79:6,0.8:6,0.81:6,0.82:6,0.83:6,0.9:2000,0.94:9.53,0.95:3920,0.96:25,0.97:33.33,0.98:69.91,0.99:16027
1786858530.609,btc-updown-5m-1786860300,bid,0.49:136.81,0.48:69.62,0.47:190.17,0.46:102.6,0.45:98,0.44:267.27,0.43:121.9,0.42:99,0.41:130.29,0.4:367,0.39:5.01,0.38:29.73,0.37:50.54,0.36:365,0.35:10,0.34:20.01,0.33:440.03,0.32:20,0.31:5,0.3:85,0.29:5,0.28:535,0.27:15,0.26:15,0.25:5,0.24:5,0.23:1035,0.22:15,0.21:15,0.2:41,0.19:18,0.18:41,0.17:11,0.16:22,0.15:2943,0.14:57,0.13:28,0.12:90,0.11:91,0.1:3067,0.09:45,0.08:56,0.07:88,0.06:158,0.05:6354.84,0.04:345,0.03:10503,0.02:15565.89,0.01:93520.3
1786858530.609,btc-updown-5m-1786860300,ask,0.5:30,0.51:379.86,0.52:69.62,0.53:190.17,0.54:70,0.55:93,0.56:240,0.57:114,0.58:94,0.59:112,0.6:362,0.62:10,0.63:10,0.64:360,0.65:5,0.66:15,0.67:435,0.68:15,0.69:5,0.7:80,0.71:5,0.72:535,0.73:15,0.74:15,0.75:5,0.76:5,0.77:1035,0.78:15,0.79:15,0.8:41,0.81:18,0.82:41,0.83:11,0.84:22,0.85:2943,0.86:57,0.87:28,0.88:90,0.89:91,0.9:3067,0.91:45,0.92:56,0.93:88,0.94:128,0.95:6354.89,0.96:345,0.97:10503,0.98:15566,0.99:93447.73
